sequence,depth,T_HW_ms,cycles,MMAC,weights,bottlenecks,block_cycles,hw_feasible_on_bitstream,infeasible_at
16-16-64,3,11.101000,1110100,57.139200,1643,PW-DW-PW,518400/469300/122400,1,
16-32-64,3,12.258960,1225896,88.704000,3067,PW-DW-DW,518400/469300/238196,1,
16-16-16-64,4,12.295600,1229560,62.899200,2043,PW-DW-DW-PW,518400/469300/119460/122400,1,
16-16-32-64,4,12.727600,1272760,83.404800,3467,PW-DW-DW-PW,518400/469300/119460/165600,1,
16-16-16-16-64,5,12.835600,1283560,68.659200,2443,PW-DW-DW-PW-PW,518400/469300/119460/54000/122400,1,
16-16-32-16-64,5,13.123600,1312360,78.105600,3099,PW-DW-DW-PW-PW,518400/469300/119460/82800/122400,1,
16-16-48-64,4,13.303600,1330360,103.910400,4891,PW-DW-DW-PW,518400/469300/119460/223200,1,
16-16-16-16-16-64,6,13.375600,1337560,74.419200,2843,PW-DW-DW-PW-PW-PW,518400/469300/119460/54000/54000/122400,1,
16-16-16-32-64,5,13.411600,1341160,89.164800,3867,PW-DW-DW-PW-PW,518400/469300/119460/68400/165600,1,
16-16-48-16-64,5,13.411600,1341160,87.552000,3755,PW-DW-DW-PW-PW,518400/469300/119460/111600/122400,1,
16-48-64,3,13.446320,1344632,120.268800,4491,PW-DW-DW,518400/469300/356932,1,
16-32-16-64,4,13.482960,1348296,83.404800,2699,PW-DW-DW-PW,518400/469300/238196/122400,1,
16-16-32-16-16-64,6,13.663600,1366360,83.865600,3499,PW-DW-DW-PW-PW-PW,518400/469300/119460/82800/54000/122400,1,
16-16-32-32-64,5,13.699600,1369960,102.297600,4779,PW-DW-DW-PW-PW,518400/469300/119460/97200/165600,1,
16-16-64-16-64,5,13.729000,1372900,96.998400,4411,PW-DW-PW-PW-PW,518400/469300/122400/140400/122400,1,
16-16-16-32-16-64,6,13.807600,1380760,83.865600,3499,PW-DW-DW-PW-PW-PW,518400/469300/119460/68400/82800/122400,1,
16-16-64-64,4,13.909000,1390900,124.416000,6315,PW-DW-PW-PW,518400/469300/122400/280800,1,
16-32-32-64,4,13.914960,1391496,107.596800,4379,PW-DW-DW-PW,518400/469300/238196/165600,1,
16-16-16-16-32-64,6,13.951600,1395160,94.924800,4267,PW-DW-DW-PW-PW-PW,518400/469300/119460/54000/68400/165600,1,
16-16-48-16-16-64,6,13.951600,1395160,93.312000,4155,PW-DW-DW-PW-PW-PW,518400/469300/119460/111600/54000/122400,1,
16-16-48-32-64,5,13.987600,1398760,115.430400,5691,PW-DW-DW-PW-PW,518400/469300/119460/126000/165600,1,
16-32-16-16-64,5,14.022960,1402296,89.164800,3099,PW-DW-DW-PW-PW,518400/469300/238196/54000/122400,1,
16-16-32-32-16-64,6,14.095600,1409560,96.998400,4411,PW-DW-DW-PW-PW-PW,518400/469300/119460/97200/82800/122400,1,
16-16-32-16-32-64,6,14.239600,1423960,104.371200,4923,PW-DW-DW-PW-PW-PW,518400/469300/119460/82800/68400/165600,1,
16-16-64-16-16-64,6,14.269000,1426900,102.758400,4811,PW-DW-PW-PW-PW-PW,518400/469300/122400/140400/54000/122400,1,
16-16-64-32-64,5,14.305000,1430500,128.563200,6603,PW-DW-PW-PW-PW,518400/469300/122400/154800/165600,1,
16-32-32-16-64,5,14.310960,1431096,102.297600,4011,PW-DW-DW-PW-PW,518400/469300/238196/82800/122400,1,
16-16-16-48-64,5,14.329600,1432960,109.670400,5291,PW-DW-DW-PW-PW,518400/469300/119460/102600/223200,1,
16-16-48-32-16-64,6,14.383600,1438360,110.131200,5323,PW-DW-DW-PW-PW-PW,518400/469300/119460/126000/82800/122400,1,
16-16-16-32-32-64,6,14.383600,1438360,108.057600,5179,PW-DW-DW-PW-PW-PW,518400/469300/119460/68400/97200/165600,1,
16-16-16-48-16-64,6,14.437600,1443760,93.312000,4155,PW-DW-DW-PW-PW-PW,518400/469300/119460/102600/111600/122400,1,
16-32-48-64,4,14.490960,1449096,131.788800,6059,PW-DW-DW-PW,518400/469300/238196/223200,1,
16-16-48-16-32-64,6,14.527600,1452760,113.817600,5579,PW-DW-DW-PW-PW-PW,518400/469300/119460/111600/68400/165600,1,
16-32-16-16-16-64,6,14.562960,1456296,94.924800,3499,PW-DW-DW-PW-PW-PW,518400/469300/238196/54000/54000/122400,1,
16-32-48-16-64,5,14.598960,1459896,115.430400,4923,PW-DW-DW-PW-PW,518400/469300/238196/111600/122400,1,
16-32-16-32-64,5,14.598960,1459896,109.670400,4523,PW-DW-DW-PW-PW,518400/469300/238196/68400/165600,1,
16-48-16-64,4,14.670320,1467032,103.910400,3355,PW-DW-DW-PW,518400/469300/356932/122400,1,
16-16-32-32-32-64,6,14.671600,1467160,121.190400,6091,PW-DW-DW-PW-PW-PW,518400/469300/119460/97200/97200/165600,1,
16-16-64-32-16-64,6,14.701000,1470100,123.264000,6235,PW-DW-PW-PW-PW-PW,518400/469300/122400/154800/82800/122400,1,
16-16-32-48-64,5,14.815600,1481560,126.489600,6459,PW-DW-DW-PW-PW,518400/469300/119460/151200/223200,1,
16-64-64,3,14.836680,1483668,151.833600,5915,PW-PW-DW,518400/489600/475668,0,b3 G*Cin=2560
16-16-64-16-32-64,6,14.845000,1484500,123.264000,6235,PW-DW-PW-PW-PW-PW,518400/469300/122400/140400/68400/165600,1,
16-32-32-16-16-64,6,14.850960,1485096,108.057600,4411,PW-DW-DW-PW-PW-PW,518400/469300/238196/82800/54000/122400,1,
16-16-16-16-48-64,6,14.869600,1486960,115.430400,5691,PW-DW-DW-PW-PW-PW,518400/469300/119460/54000/102600/223200,1,
16-32-64-16-64,5,14.886960,1488696,128.563200,5835,PW-DW-DW-PW-PW,518400/469300/238196/140400/122400,1,
16-32-32-32-64,5,14.886960,1488696,126.489600,5691,PW-DW-DW-PW-PW,518400/469300/238196/97200/165600,1,
16-16-32-48-16-64,6,14.923600,1492360,110.131200,5323,PW-DW-DW-PW-PW-PW,518400/469300/119460/151200/111600/122400,1,
16-16-16-64-16-64,6,14.923600,1492360,102.758400,4811,PW-DW-DW-PW-PW-PW,518400/469300/119460/122400/140400/122400,1,
16-16-48-32-32-64,6,14.959600,1495960,134.323200,7003,PW-DW-DW-PW-PW-PW,518400/469300/119460/126000/97200/165600,1,
16-32-16-32-16-64,6,14.994960,1499496,104.371200,4155,PW-DW-DW-PW-PW-PW,518400/469300/238196/68400/82800/122400,1,
16-16-16-48-32-64,6,15.013600,1501360,121.190400,6091,PW-DW-DW-PW-PW-PW,518400/469300/119460/102600/126000/165600,1,
16-32-64-64,4,15.066960,1506696,155.980800,7739,PW-DW-DW-PW,518400/469300/238196/280800,1,
16-48-32-64,4,15.102320,1510232,131.788800,5291,PW-DW-DW-PW,518400/469300/356932/165600,1,
16-16-16-64-64,5,15.103600,1510360,130.176000,6715,PW-DW-DW-PW-PW,518400/469300/119460/122400/280800,1,
16-32-48-16-16-64,6,15.138960,1513896,121.190400,5323,PW-DW-DW-PW-PW-PW,518400/469300/238196/111600/54000/122400,1,
16-32-16-16-32-64,6,15.138960,1513896,115.430400,4923,PW-DW-DW-PW-PW-PW,518400/469300/238196/54000/68400/165600,1,
16-16-32-16-48-64,6,15.157600,1515760,124.876800,6347,PW-DW-DW-PW-PW-PW,518400/469300/119460/82800/102600/223200,1,
16-32-48-32-64,5,15.174960,1517496,143.308800,6859,PW-DW-DW-PW-PW,518400/469300/238196/126000/165600,1,
16-48-16-16-64,5,15.210320,1521032,109.670400,3755,PW-DW-DW-PW-PW,518400/469300/356932/54000/122400,1,
16-16-64-32-32-64,6,15.277000,1527700,147.456000,7915,PW-DW-PW-PW-PW-PW,518400/469300/122400/154800/97200/165600,1,
16-32-32-32-16-64,6,15.282960,1528296,121.190400,5323,PW-DW-DW-PW-PW-PW,518400/469300/238196/97200/82800/122400,1,
16-16-32-64-16-64,6,15.355600,1535560,123.264000,6235,PW-DW-DW-PW-PW-PW,518400/469300/119460/165600/140400/122400,1,
16-16-48-48-64,5,15.391600,1539160,143.308800,7627,PW-DW-DW-PW-PW,518400/469300/119460/208800/223200,1,
16-32-64-16-16-64,6,15.426960,1542696,134.323200,6235,PW-DW-DW-PW-PW-PW,518400/469300/238196/140400/54000/122400,1,
16-32-32-16-32-64,6,15.426960,1542696,128.563200,5835,PW-DW-DW-PW-PW-PW,518400/469300/238196/82800/68400/165600,1,
16-16-48-16-48-64,6,15.445600,1544560,134.323200,7003,PW-DW-DW-PW-PW-PW,518400/469300/119460/111600/102600/223200,1,
16-32-64-32-64,5,15.462960,1546296,160.128000,8027,PW-DW-DW-PW-PW,518400/469300/238196/154800/165600,1,
16-48-32-16-64,5,15.498320,1549832,126.489600,4923,PW-DW-DW-PW-PW,518400/469300/356932/82800/122400,1,
16-16-32-48-32-64,6,15.499600,1549960,138.009600,7259,PW-DW-DW-PW-PW-PW,518400/469300/119460/151200/126000/165600,1,
16-16-16-64-32-64,6,15.499600,1549960,134.323200,7003,PW-DW-DW-PW-PW-PW,518400/469300/119460/122400/154800/165600,1,
16-16-16-32-48-64,6,15.499600,1549960,132.249600,6859,PW-DW-DW-PW-PW-PW,518400/469300/119460/68400/151200/223200,1,
16-16-48-48-16-64,6,15.499600,1549960,126.950400,6491,PW-DW-DW-PW-PW-PW,518400/469300/119460/208800/111600/122400,1,
16-32-16-48-64,5,15.516960,1551696,130.176000,5947,PW-DW-DW-PW-PW,518400/469300/238196/102600/223200,1,
16-16-32-64-64,5,15.535600,1553560,150.681600,8139,PW-DW-DW-PW-PW,518400/469300/119460/165600/280800,1,
16-32-48-32-16-64,6,15.570960,1557096,138.009600,6491,PW-DW-DW-PW-PW-PW,518400/469300/238196/126000/82800/122400,1,
16-32-16-32-32-64,6,15.570960,1557096,128.563200,5835,PW-DW-DW-PW-PW-PW,518400/469300/238196/68400/97200/165600,1,
16-32-16-48-16-64,6,15.624960,1562496,113.817600,4811,PW-DW-DW-PW-PW-PW,518400/469300/238196/102600/111600/122400,1,
16-16-16-16-64-64,6,15.643600,1564360,135.936000,7115,PW-DW-DW-PW-PW-PW,518400/469300/119460/54000/122400/280800,1,
16-48-48-64,4,15.678320,1567832,159.667200,7227,PW-DW-DW-PW,518400/469300/356932/223200,1,
16-32-48-16-32-64,6,15.714960,1571496,141.696000,6747,PW-DW-DW-PW-PW-PW,518400/469300/238196/111600/68400/165600,1,
16-48-16-16-16-64,6,15.750320,1575032,115.430400,4155,PW-DW-DW-PW-PW-PW,518400/469300/356932/54000/54000/122400,1,
16-16-64-16-48-64,6,15.763000,1576300,143.769600,7659,PW-DW-PW-PW-PW-PW,518400/469300/122400/140400/102600/223200,1,
16-48-48-16-64,5,15.786320,1578632,143.308800,6091,PW-DW-DW-PW-PW,518400/469300/356932/111600/122400,1,
16-48-16-32-64,5,15.786320,1578632,130.176000,5179,PW-DW-DW-PW-PW,518400/469300/356932/68400/165600,1,
16-16-32-32-48-64,6,15.787600,1578760,145.382400,7771,PW-DW-DW-PW-PW-PW,518400/469300/119460/97200/151200/223200,1,
16-32-64-32-16-64,6,15.858960,1585896,154.828800,7659,PW-DW-DW-PW-PW-PW,518400/469300/238196/154800/82800/122400,1,
16-32-32-32-32-64,6,15.858960,1585896,145.382400,7003,PW-DW-DW-PW-PW-PW,518400/469300/238196/97200/97200/165600,1,
16-16-32-64-32-64,6,15.931600,1593160,154.828800,8427,PW-DW-DW-PW-PW-PW,518400/469300/119460/165600/154800/165600,1,
16-16-32-16-64-64,6,15.931600,1593160,145.382400,7771,PW-DW-DW-PW-PW-PW,518400/469300/119460/82800/122400/280800,1,
16-16-48-64-16-64,6,15.931600,1593160,143.769600,7659,PW-DW-DW-PW-PW-PW,518400/469300/119460/223200/140400/122400,1,
16-16-64-48-64,5,15.997000,1599700,160.128000,8795,PW-DW-PW-PW-PW,518400/469300/122400/266400/223200,1,
16-32-64-16-32-64,6,16.002960,1600296,154.828800,7659,PW-DW-DW-PW-PW-PW,518400/469300/238196/140400/68400/165600,1,
16-32-32-48-64,5,16.002960,1600296,150.681600,7371,PW-DW-DW-PW-PW,518400/469300/238196/151200/223200,1,
16-48-32-16-16-64,6,16.038320,1603832,132.249600,5323,PW-DW-DW-PW-PW-PW,518400/469300/356932/82800/54000/122400,1,
16-32-16-16-48-64,6,16.056960,1605696,135.936000,6347,PW-DW-DW-PW-PW-PW,518400/469300/238196/54000/102600/223200,1,
16-64-16-64,4,16.060680,1606068,124.416000,4011,PW-PW-DW-PW,518400/489600/475668/122400,0,b3 G*Cin=2560
16-48-64-16-64,5,16.074320,1607432,160.128000,7259,PW-DW-DW-PW-PW,518400/469300/356932/140400/122400,1,
16-48-32-32-64,5,16.074320,1607432,150.681600,6603,PW-DW-DW-PW-PW,518400/469300/356932/97200/165600,1,
16-16-48-32-48-64,6,16.075600,1607560,158.515200,8683,PW-DW-DW-PW-PW-PW,518400/469300/119460/126000/151200/223200,1,
16-16-48-48-32-64,6,16.075600,1607560,154.828800,8427,PW-DW-DW-PW-PW-PW,518400/469300/119460/208800/126000/165600,1,
16-16-64-48-16-64,6,16.105000,1610500,143.769600,7659,PW-DW-PW-PW-PW-PW,518400/469300/122400/266400/111600/122400,1,
16-32-32-48-16-64,6,16.110960,1611096,134.323200,6235,PW-DW-DW-PW-PW-PW,518400/469300/238196/151200/111600/122400,1,
16-32-16-64-16-64,6,16.110960,1611096,123.264000,5467,PW-DW-DW-PW-PW-PW,518400/469300/238196/122400/140400/122400,1,
16-16-48-64-64,5,16.111600,1611160,171.187200,9563,PW-DW-DW-PW-PW,518400/469300/119460/223200/280800,1,
16-32-48-32-32-64,6,16.146960,1614696,162.201600,8171,PW-DW-DW-PW-PW-PW,518400/469300/238196/126000/97200/165600,1,
16-48-16-32-16-64,6,16.182320,1618232,124.876800,4811,PW-DW-DW-PW-PW-PW,518400/469300/356932/68400/82800/122400,1,
16-32-16-48-32-64,6,16.200960,1620096,141.696000,6747,PW-DW-DW-PW-PW-PW,518400/469300/238196/102600/126000/165600,1,
16-16-16-32-64-64,6,16.219600,1621960,156.441600,8539,PW-DW-DW-PW-PW-PW,518400/469300/119460/68400/165600/280800,1,
16-16-48-16-64-64,6,16.219600,1621960,154.828800,8427,PW-DW-DW-PW-PW-PW,518400/469300/119460/111600/122400/280800,1,
16-48-64-64,4,16.254320,1625432,187.545600,9163,PW-DW-DW-PW,518400/469300/356932/280800,1,
16-32-16-64-64,5,16.290960,1629096,150.681600,7371,PW-DW-DW-PW-PW,518400/469300/238196/122400/280800,1,
16-48-48-16-16-64,6,16.326320,1632632,149.068800,6491,PW-DW-DW-PW-PW-PW,518400/469300/356932/111600/54000/122400,1,
16-48-16-16-32-64,6,16.326320,1632632,135.936000,5579,PW-DW-DW-PW-PW-PW,518400/469300/356932/54000/68400/165600,1,
16-32-32-16-48-64,6,16.344960,1634496,149.068800,7259,PW-DW-DW-PW-PW-PW,518400/469300/238196/82800/102600/223200,1,
16-48-48-32-64,5,16.362320,1636232,171.187200,8027,PW-DW-DW-PW-PW,518400/469300/356932/126000/165600,1,
16-16-64-32-48-64,6,16.393000,1639300,171.648000,9595,PW-DW-PW-PW-PW-PW,518400/469300/122400/154800/151200/223200,1,
16-16-16-48-48-64,6,16.417600,1641760,149.068800,8027,PW-DW-DW-PW-PW-PW,518400/469300/119460/102600/208800/223200,1,
16-32-64-32-32-64,6,16.434960,1643496,179.020800,9339,PW-DW-DW-PW-PW-PW,518400/469300/238196/154800/97200/165600,1,
16-48-32-32-16-64,6,16.470320,1647032,145.382400,6235,PW-DW-DW-PW-PW-PW,518400/469300/356932/97200/82800/122400,1,
16-64-32-64,4,16.492680,1649268,155.980800,6203,PW-PW-DW-PW,518400/489600/475668/165600,0,b3 G*Cin=2560
16-16-48-64-32-64,6,16.507600,1650760,175.334400,9851,PW-DW-DW-PW-PW-PW,518400/469300/119460/223200/154800/165600,1,
16-16-32-32-64-64,6,16.507600,1650760,169.574400,9451,PW-DW-DW-PW-PW-PW,518400/469300/119460/97200/165600/280800,1,
16-16-64-16-64-64,6,16.537000,1653700,164.275200,9083,PW-DW-PW-PW-PW-PW,518400/469300/122400/140400/122400/280800,1,
16-16-64-64-16-64,6,16.537000,1653700,164.275200,9083,PW-DW-PW-PW-PW-PW,518400/469300/122400/280800/140400/122400,1,
16-32-32-64-16-64,6,16.542960,1654296,147.456000,7147,PW-DW-DW-PW-PW-PW,518400/469300/238196/165600/140400/122400,1,
16-32-48-48-64,5,16.578960,1657896,171.187200,8795,PW-DW-DW-PW-PW,518400/469300/238196/208800/223200,1,
16-64-16-16-64,5,16.600680,1660068,130.176000,4411,PW-PW-DW-PW-PW,518400/489600/475668/54000/122400,0,b3 G*Cin=2560
16-48-64-16-16-64,6,16.614320,1661432,165.888000,7659,PW-DW-DW-PW-PW-PW,518400/469300/356932/140400/54000/122400,1,
16-48-32-16-32-64,6,16.614320,1661432,152.755200,6747,PW-DW-DW-PW-PW-PW,518400/469300/356932/82800/68400/165600,1,
16-32-48-16-48-64,6,16.632960,1663296,162.201600,8171,PW-DW-DW-PW-PW-PW,518400/469300/238196/111600/102600/223200,1,
16-48-64-32-64,5,16.650320,1665032,191.692800,9451,PW-DW-DW-PW-PW,518400/469300/356932/154800/165600,1,
16-16-64-48-32-64,6,16.681000,1668100,171.648000,9595,PW-DW-PW-PW-PW-PW,518400/469300/122400/266400/126000/165600,1,
16-32-32-48-32-64,6,16.686960,1668696,162.201600,8171,PW-DW-DW-PW-PW-PW,518400/469300/238196/151200/126000/165600,1,
16-32-16-64-32-64,6,16.686960,1668696,154.828800,7659,PW-DW-DW-PW-PW-PW,518400/469300/238196/122400/154800/165600,1,
16-32-48-48-16-64,6,16.686960,1668696,154.828800,7659,PW-DW-DW-PW-PW-PW,518400/469300/238196/208800/111600/122400,1,
16-32-16-32-48-64,6,16.686960,1668696,152.755200,7515,PW-DW-DW-PW-PW-PW,518400/469300/238196/68400/151200/223200,1,
16-48-16-48-64,5,16.704320,1670432,150.681600,6603,PW-DW-DW-PW-PW,518400/469300/356932/102600/223200,1,
16-16-64-64-64,5,16.717000,1671700,191.692800,10987,PW-DW-PW-PW-PW,518400/469300/122400/280800/280800,1,
16-32-32-64-64,5,16.722960,1672296,174.873600,9051,PW-DW-DW-PW-PW,518400/469300/238196/165600/280800,1,
16-48-48-32-16-64,6,16.758320,1675832,165.888000,7659,PW-DW-DW-PW-PW-PW,518400/469300/356932/126000/82800/122400,1,
16-48-16-32-32-64,6,16.758320,1675832,149.068800,6491,PW-DW-DW-PW-PW-PW,518400/469300/356932/68400/97200/165600,1,
16-16-48-32-64-64,6,16.795600,1679560,182.707200,10363,PW-DW-DW-PW-PW-PW,518400/469300/119460/126000/165600/280800,1,
16-48-16-48-16-64,6,16.812320,1681232,134.323200,5467,PW-DW-DW-PW-PW-PW,518400/469300/356932/102600/111600/122400,1,
16-32-16-16-64-64,6,16.830960,1683096,156.441600,7771,PW-DW-DW-PW-PW-PW,518400/469300/238196/54000/122400/280800,1,
16-64-32-16-64,5,16.888680,1688868,150.681600,5835,PW-PW-DW-PW-PW,518400/489600/475668/82800/122400,0,b3 G*Cin=2560
16-48-48-16-32-64,6,16.902320,1690232,169.574400,7915,PW-DW-DW-PW-PW-PW,518400/469300/356932/111600/68400/165600,1,
16-16-32-48-48-64,6,16.903600,1690360,165.888000,9195,PW-DW-DW-PW-PW-PW,518400/469300/119460/151200/208800/223200,1,
16-32-64-16-48-64,6,16.920960,1692096,175.334400,9083,PW-DW-DW-PW-PW-PW,518400/469300/238196/140400/102600/223200,1,
16-32-32-32-48-64,6,16.974960,1697496,169.574400,8683,PW-DW-DW-PW-PW-PW,518400/469300/238196/97200/151200/223200,1,
16-48-64-32-16-64,6,17.046320,1704632,186.393600,9083,PW-DW-DW-PW-PW-PW,518400/469300/356932/154800/82800/122400,1,
16-48-32-32-32-64,6,17.046320,1704632,169.574400,7915,PW-DW-DW-PW-PW-PW,518400/469300/356932/97200/97200/165600,1,
16-64-48-64,4,17.068680,1706868,187.545600,8395,PW-PW-DW-PW,518400/489600/475668/223200,0,b3 G*Cin=2560
16-16-64-32-64-64,6,17.113000,1711300,195.840000,11275,PW-DW-PW-PW-PW-PW,518400/469300/122400/154800/165600/280800,1,
16-16-64-64-32-64,6,17.113000,1711300,195.840000,11275,PW-DW-PW-PW-PW-PW,518400/469300/122400/280800/154800/165600,1,
16-32-32-64-32-64,6,17.118960,1711896,179.020800,9339,PW-DW-DW-PW-PW-PW,518400/469300/238196/165600/154800/165600,1,
16-32-48-64-16-64,6,17.118960,1711896,171.648000,8827,PW-DW-DW-PW-PW-PW,518400/469300/238196/223200/140400/122400,1,
16-32-32-16-64-64,6,17.118960,1711896,169.574400,8683,PW-DW-DW-PW-PW-PW,518400/469300/238196/82800/122400/280800,1,
16-16-16-48-64-64,6,17.137600,1713760,176.947200,9963,PW-DW-DW-PW-PW-PW,518400/469300/119460/102600/223200/280800,1,
16-64-16-16-16-64,6,17.140680,1714068,135.936000,4811,PW-PW-DW-PW-PW-PW,518400/489600/475668/54000/54000/122400,0,b3 G*Cin=2560
16-32-64-48-64,5,17.154960,1715496,191.692800,10219,PW-DW-DW-PW-PW,518400/469300/238196/266400/223200,1,
16-64-48-16-64,5,17.176680,1717668,171.187200,7259,PW-PW-DW-PW-PW,518400/489600/475668/111600/122400,0,b3 G*Cin=2560
16-64-16-32-64,5,17.176680,1717668,150.681600,5835,PW-PW-DW-PW-PW,518400/489600/475668/68400/165600,0,b3 G*Cin=2560
16-48-64-16-32-64,6,17.190320,1719032,186.393600,9083,PW-DW-DW-PW-PW-PW,518400/469300/356932/140400/68400/165600,1,
16-48-32-48-64,5,17.190320,1719032,174.873600,8283,PW-DW-DW-PW-PW,518400/469300/356932/151200/223200,1,
16-16-16-64-48-64,6,17.191600,1719160,165.888000,9195,PW-DW-DW-PW-PW-PW,518400/469300/119460/122400/266400/223200,1,
16-48-16-16-48-64,6,17.244320,1724432,156.441600,7003,PW-DW-DW-PW-PW-PW,518400/469300/356932/54000/102600/223200,1,
16-32-48-32-48-64,6,17.262960,1726296,186.393600,9851,PW-DW-DW-PW-PW-PW,518400/469300/238196/126000/151200/223200,1,
16-32-48-48-32-64,6,17.262960,1726296,182.707200,9595,PW-DW-DW-PW-PW-PW,518400/469300/238196/208800/126000/165600,1,
16-32-64-48-16-64,6,17.262960,1726296,175.334400,9083,PW-DW-DW-PW-PW-PW,518400/469300/238196/266400/111600/122400,1,
16-48-32-48-16-64,6,17.298320,1729832,158.515200,7147,PW-DW-DW-PW-PW-PW,518400/469300/356932/151200/111600/122400,1,
16-48-16-64-16-64,6,17.298320,1729832,143.769600,6123,PW-DW-DW-PW-PW-PW,518400/469300/356932/122400/140400/122400,1,
16-32-48-64-64,5,17.298960,1729896,199.065600,10731,PW-DW-DW-PW-PW,518400/469300/238196/223200/280800,1,
16-48-48-32-32-64,6,17.334320,1733432,190.080000,9339,PW-DW-DW-PW-PW-PW,518400/469300/356932/126000/97200/165600,1,
16-48-16-48-32-64,6,17.388320,1738832,162.201600,7403,PW-DW-DW-PW-PW-PW,518400/469300/356932/102600/126000/165600,1,
16-32-48-16-64-64,6,17.406960,1740696,182.707200,9595,PW-DW-DW-PW-PW-PW,518400/469300/238196/111600/122400/280800,1,
16-32-16-32-64-64,6,17.406960,1740696,176.947200,9195,PW-DW-DW-PW-PW-PW,518400/469300/238196/68400/165600/280800,1,
16-64-32-16-16-64,6,17.428680,1742868,156.441600,6235,PW-PW-DW-PW-PW-PW,518400/489600/475668/82800/54000/122400,0,b3 G*Cin=2560
16-64-64-16-64,5,17.464680,1746468,191.692800,8683,PW-PW-DW-PW-PW,518400/489600/475668/140400/122400,0,b3 G*Cin=2560
16-64-32-32-64,5,17.464680,1746468,174.873600,7515,PW-PW-DW-PW-PW,518400/489600/475668/97200/165600,0,b3 G*Cin=2560
16-48-16-64-64,5,17.478320,1747832,171.187200,8027,PW-DW-DW-PW-PW,518400/469300/356932/122400/280800,1,
16-16-48-48-48-64,6,17.479600,1747960,182.707200,10363,PW-DW-DW-PW-PW-PW,518400/469300/119460/208800/208800/223200,1,
16-48-32-16-48-64,6,17.532320,1753232,173.260800,8171,PW-DW-DW-PW-PW-PW,518400/469300/356932/82800/102600/223200,1,
16-32-64-32-48-64,6,17.550960,1755096,203.212800,11019,PW-DW-DW-PW-PW-PW,518400/469300/238196/154800/151200/223200,1,
16-64-16-32-16-64,6,17.572680,1757268,145.382400,5467,PW-PW-DW-PW-PW-PW,518400/489600/475668/68400/82800/122400,0,b3 G*Cin=2560
16-32-16-48-48-64,6,17.604960,1760496,169.574400,8683,PW-DW-DW-PW-PW-PW,518400/469300/238196/102600/208800/223200,1,
16-48-64-32-32-64,6,17.622320,1762232,210.585600,10763,PW-DW-DW-PW-PW-PW,518400/469300/356932/154800/97200/165600,1,
16-16-32-48-64-64,6,17.623600,1762360,193.766400,11131,PW-DW-DW-PW-PW-PW,518400/469300/119460/151200/223200/280800,1,
16-16-32-64-48-64,6,17.623600,1762360,186.393600,10619,PW-DW-DW-PW-PW-PW,518400/469300/119460/165600/266400/223200,1,
16-64-64-64,4,17.644680,1764468,219.110400,10587,PW-PW-DW-PW,518400/489600/475668/280800,0,b3 G*Cin=2560
16-32-48-64-32-64,6,17.694960,1769496,203.212800,11019,PW-DW-DW-PW-PW-PW,518400/469300/238196/223200/154800/165600,1,
16-32-64-16-64-64,6,17.694960,1769496,195.840000,10507,PW-DW-DW-PW-PW-PW,518400/469300/238196/140400/122400/280800,1,
16-32-64-64-16-64,6,17.694960,1769496,195.840000,10507,PW-DW-DW-PW-PW-PW,518400/469300/238196/280800/140400/122400,1,
16-32-32-32-64-64,6,17.694960,1769496,193.766400,10363,PW-DW-DW-PW-PW-PW,518400/469300/238196/97200/165600/280800,1,
16-64-48-16-16-64,6,17.716680,1771668,176.947200,7659,PW-PW-DW-PW-PW-PW,518400/489600/475668/111600/54000/122400,0,b3 G*Cin=2560
16-64-16-16-32-64,6,17.716680,1771668,156.441600,6235,PW-PW-DW-PW-PW-PW,518400/489600/475668/54000/68400/165600,0,b3 G*Cin=2560
16-48-32-64-16-64,6,17.730320,1773032,171.648000,8059,PW-DW-DW-PW-PW-PW,518400/469300/356932/165600/140400/122400,1,
16-64-48-32-64,5,17.752680,1775268,199.065600,9195,PW-PW-DW-PW-PW,518400/489600/475668/126000/165600,0,b3 G*Cin=2560
16-48-48-48-64,5,17.766320,1776632,199.065600,9963,PW-DW-DW-PW-PW,518400/469300/356932/208800/223200,1,
16-48-48-16-48-64,6,17.820320,1782032,190.080000,9339,PW-DW-DW-PW-PW-PW,518400/469300/356932/111600/102600/223200,1,
16-32-64-48-32-64,6,17.838960,1783896,203.212800,11019,PW-DW-DW-PW-PW-PW,518400/469300/238196/266400/126000/165600,1,
16-64-32-32-16-64,6,17.860680,1786068,169.574400,7147,PW-PW-DW-PW-PW-PW,518400/489600/475668/97200/82800/122400,0,b3 G*Cin=2560
16-48-32-48-32-64,6,17.874320,1787432,186.393600,9083,PW-DW-DW-PW-PW-PW,518400/469300/356932/151200/126000/165600,1,
16-48-48-48-16-64,6,17.874320,1787432,182.707200,8827,PW-DW-DW-PW-PW-PW,518400/469300/356932/208800/111600/122400,1,
16-48-16-64-32-64,6,17.874320,1787432,175.334400,8315,PW-DW-DW-PW-PW-PW,518400/469300/356932/122400/154800/165600,1,
16-48-16-32-48-64,6,17.874320,1787432,173.260800,8171,PW-DW-DW-PW-PW-PW,518400/469300/356932/68400/151200/223200,1,
16-32-64-64-64,5,17.874960,1787496,223.257600,12411,PW-DW-DW-PW-PW,518400/469300/238196/280800/280800,1,
16-48-32-64-64,5,17.910320,1791032,199.065600,9963,PW-DW-DW-PW-PW,518400/469300/356932/165600/280800,1,
16-16-16-64-64-64,6,17.911600,1791160,197.452800,11387,PW-DW-DW-PW-PW-PW,518400/469300/119460/122400/280800/280800,1,
16-32-48-32-64-64,6,17.982960,1798296,210.585600,11531,PW-DW-DW-PW-PW-PW,518400/469300/238196/126000/165600/280800,1,
16-64-64-16-16-64,6,18.004680,1800468,197.452800,9083,PW-PW-DW-PW-PW-PW,518400/489600/475668/140400/54000/122400,0,b3 G*Cin=2560
16-64-32-16-32-64,6,18.004680,1800468,176.947200,7659,PW-PW-DW-PW-PW-PW,518400/489600/475668/82800/68400/165600,0,b3 G*Cin=2560
16-48-16-16-64-64,6,18.018320,1801832,176.947200,8427,PW-DW-DW-PW-PW-PW,518400/469300/356932/54000/122400/280800,1,
16-64-64-32-64,5,18.040680,1804068,223.257600,10875,PW-PW-DW-PW-PW,518400/489600/475668/154800/165600,0,b3 G*Cin=2560
16-16-64-48-48-64,6,18.085000,1808500,199.526400,11531,PW-DW-PW-PW-PW-PW,518400/469300/122400/266400/208800/223200,1,
16-32-32-48-48-64,6,18.090960,1809096,190.080000,10107,PW-DW-DW-PW-PW-PW,518400/469300/238196/151200/208800/223200,1,
16-64-16-48-64,5,18.094680,1809468,171.187200,7259,PW-PW-DW-PW-PW,518400/489600/475668/102600/223200,0,b3 G*Cin=2560
16-48-64-16-48-64,6,18.108320,1810832,206.899200,10507,PW-DW-DW-PW-PW-PW,518400/469300/356932/140400/102600/223200,1,
16-64-48-32-16-64,6,18.148680,1814868,193.766400,8827,PW-PW-DW-PW-PW-PW,518400/489600/475668/126000/82800/122400,0,b3 G*Cin=2560
16-64-16-32-32-64,6,18.148680,1814868,169.574400,7147,PW-PW-DW-PW-PW-PW,518400/489600/475668/68400/97200/165600,0,b3 G*Cin=2560
16-48-32-32-48-64,6,18.162320,1816232,193.766400,9595,PW-DW-DW-PW-PW-PW,518400/469300/356932/97200/151200/223200,1,
16-16-48-48-64-64,6,18.199600,1819960,210.585600,12299,PW-DW-DW-PW-PW-PW,518400/469300/119460/208800/223200/280800,1,
16-16-48-64-48-64,6,18.199600,1819960,206.899200,12043,PW-DW-DW-PW-PW-PW,518400/469300/119460/223200/266400/223200,1,
16-64-16-48-16-64,6,18.202680,1820268,154.828800,6123,PW-PW-DW-PW-PW-PW,518400/489600/475668/102600/111600/122400,0,b3 G*Cin=2560
16-32-64-32-64-64,6,18.270960,1827096,227.404800,12699,PW-DW-DW-PW-PW-PW,518400/469300/238196/154800/165600/280800,1,
16-32-64-64-32-64,6,18.270960,1827096,227.404800,12699,PW-DW-DW-PW-PW-PW,518400/469300/238196/280800/154800/165600,1,
16-64-48-16-32-64,6,18.292680,1829268,197.452800,9083,PW-PW-DW-PW-PW-PW,518400/489600/475668/111600/68400/165600,0,b3 G*Cin=2560
16-48-32-64-32-64,6,18.306320,1830632,203.212800,10251,PW-DW-DW-PW-PW-PW,518400/469300/356932/165600/154800/165600,1,
16-48-48-64-16-64,6,18.306320,1830632,199.526400,9995,PW-DW-DW-PW-PW-PW,518400/469300/356932/223200/140400/122400,1,
16-48-32-16-64-64,6,18.306320,1830632,193.766400,9595,PW-DW-DW-PW-PW-PW,518400/469300/356932/82800/122400/280800,1,
16-32-16-48-64-64,6,18.324960,1832496,197.452800,10619,PW-DW-DW-PW-PW-PW,518400/469300/238196/102600/223200/280800,1,
16-48-64-48-64,5,18.342320,1834232,223.257600,11643,PW-DW-DW-PW-PW,518400/469300/356932/266400/223200,1,
16-16-32-64-64-64,6,18.343600,1834360,217.958400,12811,PW-DW-DW-PW-PW-PW,518400/469300/119460/165600/280800/280800,1,
16-32-16-64-48-64,6,18.378960,1837896,186.393600,9851,PW-DW-DW-PW-PW-PW,518400/469300/238196/122400/266400/223200,1,
16-64-64-32-16-64,6,18.436680,1843668,217.958400,10507,PW-PW-DW-PW-PW-PW,518400/489600/475668/154800/82800/122400,0,b3 G*Cin=2560
16-64-32-32-32-64,6,18.436680,1843668,193.766400,8827,PW-PW-DW-PW-PW-PW,518400/489600/475668/97200/97200/165600,0,b3 G*Cin=2560
16-48-48-32-48-64,6,18.450320,1845032,214.272000,11019,PW-DW-DW-PW-PW-PW,518400/469300/356932/126000/151200/223200,1,
16-48-48-48-32-64,6,18.450320,1845032,210.585600,10763,PW-DW-DW-PW-PW-PW,518400/469300/356932/208800/126000/165600,1,
16-48-64-48-16-64,6,18.450320,1845032,206.899200,10507,PW-DW-DW-PW-PW-PW,518400/469300/356932/266400/111600/122400,1,
16-48-48-64-64,5,18.486320,1848632,226.944000,11899,PW-DW-DW-PW-PW,518400/469300/356932/223200/280800,1,
16-64-64-16-32-64,6,18.580680,1858068,217.958400,10507,PW-PW-DW-PW-PW-PW,518400/489600/475668/140400/68400/165600,0,b3 G*Cin=2560
16-64-32-48-64,5,18.580680,1858068,199.065600,9195,PW-PW-DW-PW-PW,518400/489600/475668/151200/223200,0,b3 G*Cin=2560
16-48-48-16-64-64,6,18.594320,1859432,210.585600,10763,PW-DW-DW-PW-PW-PW,518400/469300/356932/111600/122400/280800,1,
16-48-16-32-64-64,6,18.594320,1859432,197.452800,9851,PW-DW-DW-PW-PW-PW,518400/469300/356932/68400/165600/280800,1,
16-64-16-16-48-64,6,18.634680,1863468,176.947200,7659,PW-PW-DW-PW-PW-PW,518400/489600/475668/54000/102600/223200,0,b3 G*Cin=2560
16-32-48-48-48-64,6,18.666960,1866696,210.585600,11531,PW-DW-DW-PW-PW-PW,518400/469300/238196/208800/208800/223200,1,
16-64-32-48-16-64,6,18.688680,1868868,182.707200,8059,PW-PW-DW-PW-PW-PW,518400/489600/475668/151200/111600/122400,0,b3 G*Cin=2560
16-64-16-64-16-64,6,18.688680,1868868,164.275200,6779,PW-PW-DW-PW-PW-PW,518400/489600/475668/122400/140400/122400,0,b3 G*Cin=2560
16-64-48-32-32-64,6,18.724680,1872468,217.958400,10507,PW-PW-DW-PW-PW-PW,518400/489600/475668/126000/97200/165600,0,b3 G*Cin=2560
16-48-64-32-48-64,6,18.738320,1873832,234.777600,12443,PW-DW-DW-PW-PW-PW,518400/469300/356932/154800/151200/223200,1,
16-64-16-48-32-64,6,18.778680,1877868,182.707200,8059,PW-PW-DW-PW-PW-PW,518400/489600/475668/102600/126000/165600,0,b3 G*Cin=2560
16-48-16-48-48-64,6,18.792320,1879232,190.080000,9339,PW-DW-DW-PW-PW-PW,518400/469300/356932/102600/208800/223200,1,
16-16-64-48-64-64,6,18.805000,1880500,227.404800,13467,PW-DW-PW-PW-PW-PW,518400/469300/122400/266400/223200/280800,1,
16-16-64-64-48-64,6,18.805000,1880500,227.404800,13467,PW-DW-PW-PW-PW-PW,518400/469300/122400/280800/266400/223200,1,
16-32-32-48-64-64,6,18.810960,1881096,217.958400,12043,PW-DW-DW-PW-PW-PW,518400/469300/238196/151200/223200/280800,1,
16-32-32-64-48-64,6,18.810960,1881096,210.585600,11531,PW-DW-DW-PW-PW-PW,518400/469300/238196/165600/266400/223200,1,
16-64-16-64-64,5,18.868680,1886868,191.692800,8683,PW-PW-DW-PW-PW,518400/489600/475668/122400/280800,0,b3 G*Cin=2560
16-48-48-64-32-64,6,18.882320,1888232,231.091200,12187,PW-DW-DW-PW-PW-PW,518400/469300/356932/223200/154800/165600,1,
16-48-64-16-64-64,6,18.882320,1888232,227.404800,11931,PW-DW-DW-PW-PW-PW,518400/469300/356932/140400/122400/280800,1,
16-48-64-64-16-64,6,18.882320,1888232,227.404800,11931,PW-DW-DW-PW-PW-PW,518400/469300/356932/280800/140400/122400,1,
16-48-32-32-64-64,6,18.882320,1888232,217.958400,11275,PW-DW-DW-PW-PW-PW,518400/469300/356932/97200/165600/280800,1,
16-16-48-64-64-64,6,18.919600,1891960,238.464000,14235,PW-DW-DW-PW-PW-PW,518400/469300/119460/223200/280800/280800,1,
16-64-32-16-48-64,6,18.922680,1892268,197.452800,9083,PW-PW-DW-PW-PW-PW,518400/489600/475668/82800/102600/223200,0,b3 G*Cin=2560
16-64-64-32-32-64,6,19.012680,1901268,242.150400,12187,PW-PW-DW-PW-PW-PW,518400/489600/475668/154800/97200/165600,0,b3 G*Cin=2560
16-48-64-48-32-64,6,19.026320,1902632,234.777600,12443,PW-DW-DW-PW-PW-PW,518400/469300/356932/266400/126000/165600,1,
16-48-64-64-64,5,19.062320,1906232,254.822400,13835,PW-DW-DW-PW-PW,518400/469300/356932/280800/280800,1,
16-32-16-64-64-64,6,19.098960,1909896,217.958400,12043,PW-DW-DW-PW-PW-PW,518400/469300/238196/122400/280800/280800,1,
16-64-32-64-16-64,6,19.120680,1912068,195.840000,8971,PW-PW-DW-PW-PW-PW,518400/489600/475668/165600/140400/122400,0,b3 G*Cin=2560
16-64-48-48-64,5,19.156680,1915668,226.944000,11131,PW-PW-DW-PW-PW,518400/489600/475668/208800/223200,0,b3 G*Cin=2560
16-48-48-32-64-64,6,19.170320,1917032,238.464000,12699,PW-DW-DW-PW-PW-PW,518400/469300/356932/126000/165600/280800,1,
16-64-48-16-48-64,6,19.210680,1921068,217.958400,10507,PW-PW-DW-PW-PW-PW,518400/489600/475668/111600/102600/223200,0,b3 G*Cin=2560
16-32-64-48-48-64,6,19.242960,1924296,231.091200,12955,PW-DW-DW-PW-PW-PW,518400/469300/238196/266400/208800/223200,1,
16-64-32-48-32-64,6,19.264680,1926468,210.585600,9995,PW-PW-DW-PW-PW-PW,518400/489600/475668/151200/126000/165600,0,b3 G*Cin=2560
16-64-48-48-16-64,6,19.264680,1926468,210.585600,9995,PW-PW-DW-PW-PW-PW,518400/489600/475668/208800/111600/122400,0,b3 G*Cin=2560
16-64-16-64-32-64,6,19.264680,1926468,195.840000,8971,PW-PW-DW-PW-PW-PW,518400/489600/475668/122400/154800/165600,0,b3 G*Cin=2560
16-64-16-32-48-64,6,19.264680,1926468,193.766400,8827,PW-PW-DW-PW-PW-PW,518400/489600/475668/68400/151200/223200,0,b3 G*Cin=2560
16-48-32-48-48-64,6,19.278320,1927832,214.272000,11019,PW-DW-DW-PW-PW-PW,518400/469300/356932/151200/208800/223200,1,
16-64-32-64-64,5,19.300680,1930068,223.257600,10875,PW-PW-DW-PW-PW,518400/489600/475668/165600/280800,0,b3 G*Cin=2560
16-32-48-48-64-64,6,19.386960,1938696,238.464000,13467,PW-DW-DW-PW-PW-PW,518400/469300/238196/208800/223200/280800,1,
16-32-48-64-48-64,6,19.386960,1938696,234.777600,13211,PW-DW-DW-PW-PW-PW,518400/469300/238196/223200/266400/223200,1,
16-64-16-16-64-64,6,19.408680,1940868,197.452800,9083,PW-PW-DW-PW-PW-PW,518400/489600/475668/54000/122400/280800,0,b3 G*Cin=2560
16-48-64-32-64-64,6,19.458320,1945832,258.969600,14123,PW-DW-DW-PW-PW-PW,518400/469300/356932/154800/165600/280800,1,
16-48-64-64-32-64,6,19.458320,1945832,258.969600,14123,PW-DW-DW-PW-PW-PW,518400/469300/356932/280800/154800/165600,1,
16-64-64-16-48-64,6,19.498680,1949868,238.464000,11931,PW-PW-DW-PW-PW-PW,518400/489600/475668/140400/102600/223200,0,b3 G*Cin=2560
16-48-16-48-64-64,6,19.512320,1951232,217.958400,11275,PW-DW-DW-PW-PW-PW,518400/469300/356932/102600/223200/280800,1,
16-16-64-64-64-64,6,19.525000,1952500,258.969600,15659,PW-DW-PW-PW-PW-PW,518400/469300/122400/280800/280800/280800,1,
16-32-32-64-64-64,6,19.530960,1953096,242.150400,13723,PW-DW-DW-PW-PW-PW,518400/469300/238196/165600/280800/280800,1,
16-64-32-32-48-64,6,19.552680,1955268,217.958400,10507,PW-PW-DW-PW-PW-PW,518400/489600/475668/97200/151200/223200,0,b3 G*Cin=2560
16-48-16-64-48-64,6,19.566320,1956632,206.899200,10507,PW-DW-DW-PW-PW-PW,518400/469300/356932/122400/266400/223200,1,
16-64-32-64-32-64,6,19.696680,1969668,227.404800,11163,PW-PW-DW-PW-PW-PW,518400/489600/475668/165600/154800/165600,0,b3 G*Cin=2560
16-64-48-64-16-64,6,19.696680,1969668,227.404800,11163,PW-PW-DW-PW-PW-PW,518400/489600/475668/223200/140400/122400,0,b3 G*Cin=2560
16-64-32-16-64-64,6,19.696680,1969668,217.958400,10507,PW-PW-DW-PW-PW-PW,518400/489600/475668/82800/122400/280800,0,b3 G*Cin=2560
16-64-64-48-64,5,19.732680,1973268,254.822400,13067,PW-PW-DW-PW-PW,518400/489600/475668/266400/223200,0,b3 G*Cin=2560
16-64-48-32-48-64,6,19.840680,1984068,242.150400,12187,PW-PW-DW-PW-PW-PW,518400/489600/475668/126000/151200/223200,0,b3 G*Cin=2560
16-64-48-48-32-64,6,19.840680,1984068,238.464000,11931,PW-PW-DW-PW-PW-PW,518400/489600/475668/208800/126000/165600,0,b3 G*Cin=2560
16-64-64-48-16-64,6,19.840680,1984068,238.464000,11931,PW-PW-DW-PW-PW-PW,518400/489600/475668/266400/111600/122400,0,b3 G*Cin=2560
16-48-48-48-48-64,6,19.854320,1985432,238.464000,12699,PW-DW-DW-PW-PW-PW,518400/469300/356932/208800/208800/223200,1,
16-64-48-64-64,5,19.876680,1987668,254.822400,13067,PW-PW-DW-PW-PW,518400/489600/475668/223200/280800,0,b3 G*Cin=2560
16-32-64-48-64-64,6,19.962960,1996296,258.969600,14891,PW-DW-DW-PW-PW-PW,518400/469300/238196/266400/223200/280800,1,
16-32-64-64-48-64,6,19.962960,1996296,258.969600,14891,PW-DW-DW-PW-PW-PW,518400/469300/238196/280800/266400/223200,1,
16-64-48-16-64-64,6,19.984680,1998468,238.464000,11931,PW-PW-DW-PW-PW-PW,518400/489600/475668/111600/122400/280800,0,b3 G*Cin=2560
16-64-16-32-64-64,6,19.984680,1998468,217.958400,10507,PW-PW-DW-PW-PW-PW,518400/489600/475668/68400/165600/280800,0,b3 G*Cin=2560
16-48-32-48-64-64,6,19.998320,1999832,242.150400,12955,PW-DW-DW-PW-PW-PW,518400/469300/356932/151200/223200/280800,1,
16-48-32-64-48-64,6,19.998320,1999832,234.777600,12443,PW-DW-DW-PW-PW-PW,518400/469300/356932/165600/266400/223200,1,
16-32-48-64-64-64,6,20.106960,2010696,266.342400,15403,PW-DW-DW-PW-PW-PW,518400/469300/238196/223200/280800/280800,1,
16-64-64-32-48-64,6,20.128680,2012868,266.342400,13867,PW-PW-DW-PW-PW-PW,518400/489600/475668/154800/151200/223200,0,b3 G*Cin=2560
16-64-16-48-48-64,6,20.182680,2018268,210.585600,9995,PW-PW-DW-PW-PW-PW,518400/489600/475668/102600/208800/223200,0,b3 G*Cin=2560
16-64-48-64-32-64,6,20.272680,2027268,258.969600,13355,PW-PW-DW-PW-PW-PW,518400/489600/475668/223200/154800/165600,0,b3 G*Cin=2560
16-64-64-16-64-64,6,20.272680,2027268,258.969600,13355,PW-PW-DW-PW-PW-PW,518400/489600/475668/140400/122400/280800,0,b3 G*Cin=2560
16-64-64-64-16-64,6,20.272680,2027268,258.969600,13355,PW-PW-DW-PW-PW-PW,518400/489600/475668/280800/140400/122400,0,b3 G*Cin=2560
16-64-32-32-64-64,6,20.272680,2027268,242.150400,12187,PW-PW-DW-PW-PW-PW,518400/489600/475668/97200/165600/280800,0,b3 G*Cin=2560
16-48-16-64-64-64,6,20.286320,2028632,238.464000,12699,PW-DW-DW-PW-PW-PW,518400/469300/356932/122400/280800/280800,1,
32-16-64,3,20.387560,2038756,91.238400,2091,PW-DW-PW,979200/937156/122400,0,b2 G*Cin=2560
16-64-64-48-32-64,6,20.416680,2041668,266.342400,13867,PW-PW-DW-PW-PW-PW,518400/489600/475668/266400/126000/165600,0,b3 G*Cin=2560
16-48-64-48-48-64,6,20.430320,2043032,262.656000,14379,PW-DW-DW-PW-PW-PW,518400/469300/356932/266400/208800/223200,1,
16-64-64-64-64,5,20.452680,2045268,286.387200,15259,PW-PW-DW-PW-PW,518400/489600/475668/280800/280800,0,b3 G*Cin=2560
16-64-48-32-64-64,6,20.560680,2056068,266.342400,13867,PW-PW-DW-PW-PW-PW,518400/489600/475668/126000/165600/280800,0,b3 G*Cin=2560
16-48-48-48-64-64,6,20.574320,2057432,266.342400,14635,PW-DW-DW-PW-PW-PW,518400/469300/356932/208800/223200/280800,1,
16-48-48-64-48-64,6,20.574320,2057432,262.656000,14379,PW-DW-DW-PW-PW-PW,518400/469300/356932/223200/266400/223200,1,
16-64-32-48-48-64,6,20.668680,2066868,238.464000,11931,PW-PW-DW-PW-PW-PW,518400/489600/475668/151200/208800/223200,0,b3 G*Cin=2560
16-32-64-64-64-64,6,20.682960,2068296,290.534400,17083,PW-DW-DW-PW-PW-PW,518400/469300/238196/280800/280800/280800,1,
16-48-32-64-64-64,6,20.718320,2071832,266.342400,14635,PW-DW-DW-PW-PW-PW,518400/469300/356932/165600/280800/280800,1,
16-64-64-32-64-64,6,20.848680,2084868,290.534400,15547,PW-PW-DW-PW-PW-PW,518400/489600/475668/154800/165600/280800,0,b3 G*Cin=2560
16-64-64-64-32-64,6,20.848680,2084868,290.534400,15547,PW-PW-DW-PW-PW-PW,518400/489600/475668/280800/154800/165600,0,b3 G*Cin=2560
16-64-16-48-64-64,6,20.902680,2090268,238.464000,11931,PW-PW-DW-PW-PW-PW,518400/489600/475668/102600/223200/280800,0,b3 G*Cin=2560
16-64-16-64-48-64,6,20.956680,2095668,227.404800,11163,PW-PW-DW-PW-PW-PW,518400/489600/475668/122400/266400/223200,0,b3 G*Cin=2560
16-48-64-48-64-64,6,21.150320,2115032,290.534400,16315,PW-DW-DW-PW-PW-PW,518400/469300/356932/266400/223200/280800,1,
16-48-64-64-48-64,6,21.150320,2115032,290.534400,16315,PW-DW-DW-PW-PW-PW,518400/469300/356932/280800/266400/223200,1,
16-64-48-48-48-64,6,21.244680,2124468,266.342400,13867,PW-PW-DW-PW-PW-PW,518400/489600/475668/208800/208800/223200,0,b3 G*Cin=2560
16-48-48-64-64-64,6,21.294320,2129432,294.220800,16571,PW-DW-DW-PW-PW-PW,518400/469300/356932/223200/280800/280800,1,
16-64-32-48-64-64,6,21.388680,2138868,266.342400,13867,PW-PW-DW-PW-PW-PW,518400/489600/475668/151200/223200/280800,0,b3 G*Cin=2560
16-64-32-64-48-64,6,21.388680,2138868,258.969600,13355,PW-PW-DW-PW-PW-PW,518400/489600/475668/165600/266400/223200,0,b3 G*Cin=2560
32-32-64,3,21.545520,2154552,137.548800,3771,PW-DW-DW,979200/937156/238196,0,b2 G*Cin=2560
32-16-16-64,4,21.582160,2158216,96.998400,2491,PW-DW-DW-PW,979200/937156/119460/122400,0,b2 G*Cin=2560
16-64-16-64-64-64,6,21.676680,2167668,258.969600,13355,PW-PW-DW-PW-PW-PW,518400/489600/475668/122400/280800/280800,0,b3 G*Cin=2560
16-64-64-48-48-64,6,21.820680,2182068,294.220800,15803,PW-PW-DW-PW-PW-PW,518400/489600/475668/266400/208800/223200,0,b3 G*Cin=2560
16-48-64-64-64-64,6,21.870320,2187032,322.099200,18507,PW-DW-DW-PW-PW-PW,518400/469300/356932/280800/280800/280800,1,
16-64-48-48-64-64,6,21.964680,2196468,294.220800,15803,PW-PW-DW-PW-PW-PW,518400/489600/475668/208800/223200/280800,0,b3 G*Cin=2560
16-64-48-64-48-64,6,21.964680,2196468,290.534400,15547,PW-PW-DW-PW-PW-PW,518400/489600/475668/223200/266400/223200,0,b3 G*Cin=2560
32-16-32-64,4,22.014160,2201416,117.504000,3915,PW-DW-DW-PW,979200/937156/119460/165600,0,b2 G*Cin=2560
16-64-32-64-64-64,6,22.108680,2210868,290.534400,15547,PW-PW-DW-PW-PW-PW,518400/489600/475668/165600/280800/280800,0,b3 G*Cin=2560
32-16-16-16-64,5,22.122160,2212216,102.758400,2891,PW-DW-DW-PW-PW,979200/937156/119460/54000/122400,0,b2 G*Cin=2560
32-16-32-16-64,5,22.410160,2241016,112.204800,3547,PW-DW-DW-PW-PW,979200/937156/119460/82800/122400,0,b2 G*Cin=2560
16-64-64-48-64-64,6,22.540680,2254068,322.099200,17739,PW-PW-DW-PW-PW-PW,518400/489600/475668/266400/223200/280800,0,b3 G*Cin=2560
16-64-64-64-48-64,6,22.540680,2254068,322.099200,17739,PW-PW-DW-PW-PW-PW,518400/489600/475668/280800/266400/223200,0,b3 G*Cin=2560
32-16-48-64,4,22.590160,2259016,138.009600,5339,PW-DW-DW-PW,979200/937156/119460/223200,0,b2 G*Cin=2560
32-16-16-16-16-64,6,22.662160,2266216,108.518400,3291,PW-DW-DW-PW-PW-PW,979200/937156/119460/54000/54000/122400,0,b2 G*Cin=2560
16-64-48-64-64-64,6,22.684680,2268468,322.099200,17739,PW-PW-DW-PW-PW-PW,518400/489600/475668/223200/280800/280800,0,b3 G*Cin=2560
32-16-16-32-64,5,22.698160,2269816,123.264000,4315,PW-DW-DW-PW-PW,979200/937156/119460/68400/165600,0,b2 G*Cin=2560
32-16-48-16-64,5,22.698160,2269816,121.651200,4203,PW-DW-DW-PW-PW,979200/937156/119460/111600/122400,0,b2 G*Cin=2560
32-48-64,3,22.732880,2273288,183.859200,5451,PW-DW-DW,979200/937156/356932,0,b2 G*Cin=2560
32-32-16-64,4,22.769520,2276952,132.249600,3403,PW-DW-DW-PW,979200/937156/238196/122400,0,b2 G*Cin=2560
32-16-32-16-16-64,6,22.950160,2295016,117.964800,3947,PW-DW-DW-PW-PW-PW,979200/937156/119460/82800/54000/122400,0,b2 G*Cin=2560
32-16-32-32-64,5,22.986160,2298616,136.396800,5227,PW-DW-DW-PW-PW,979200/937156/119460/97200/165600,0,b2 G*Cin=2560
32-16-64-16-64,5,23.015560,2301556,131.097600,4859,PW-DW-PW-PW-PW,979200/937156/122400/140400/122400,0,b2 G*Cin=2560
32-16-16-32-16-64,6,23.094160,2309416,117.964800,3947,PW-DW-DW-PW-PW-PW,979200/937156/119460/68400/82800/122400,0,b2 G*Cin=2560
32-16-64-64,4,23.195560,2319556,158.515200,6763,PW-DW-PW-PW,979200/937156/122400/280800,0,b2 G*Cin=2560
32-32-32-64,4,23.201520,2320152,156.441600,5083,PW-DW-DW-PW,979200/937156/238196/165600,0,b2 G*Cin=2560
32-16-16-16-32-64,6,23.238160,2323816,129.024000,4715,PW-DW-DW-PW-PW-PW,979200/937156/119460/54000/68400/165600,0,b2 G*Cin=2560
32-16-48-16-16-64,6,23.238160,2323816,127.411200,4603,PW-DW-DW-PW-PW-PW,979200/937156/119460/111600/54000/122400,0,b2 G*Cin=2560
16-64-64-64-64-64,6,23.260680,2326068,353.664000,19931,PW-PW-DW-PW-PW-PW,518400/489600/475668/280800/280800/280800,0,b3 G*Cin=2560
32-16-48-32-64,5,23.274160,2327416,149.529600,6139,PW-DW-DW-PW-PW,979200/937156/119460/126000/165600,0,b2 G*Cin=2560
32-32-16-16-64,5,23.309520,2330952,138.009600,3803,PW-DW-DW-PW-PW,979200/937156/238196/54000/122400,0,b2 G*Cin=2560
32-16-32-32-16-64,6,23.382160,2338216,131.097600,4859,PW-DW-DW-PW-PW-PW,979200/937156/119460/97200/82800/122400,0,b2 G*Cin=2560
32-16-32-16-32-64,6,23.526160,2352616,138.470400,5371,PW-DW-DW-PW-PW-PW,979200/937156/119460/82800/68400/165600,0,b2 G*Cin=2560
32-16-64-16-16-64,6,23.555560,2355556,136.857600,5259,PW-DW-PW-PW-PW-PW,979200/937156/122400/140400/54000/122400,0,b2 G*Cin=2560
32-16-64-32-64,5,23.591560,2359156,162.662400,7051,PW-DW-PW-PW-PW,979200/937156/122400/154800/165600,0,b2 G*Cin=2560
32-32-32-16-64,5,23.597520,2359752,151.142400,4715,PW-DW-DW-PW-PW,979200/937156/238196/82800/122400,0,b2 G*Cin=2560
32-16-16-48-64,5,23.616160,2361616,143.769600,5739,PW-DW-DW-PW-PW,979200/937156/119460/102600/223200,0,b2 G*Cin=2560
32-16-48-32-16-64,6,23.670160,2367016,144.230400,5771,PW-DW-DW-PW-PW-PW,979200/937156/119460/126000/82800/122400,0,b2 G*Cin=2560
32-16-16-32-32-64,6,23.670160,2367016,142.156800,5627,PW-DW-DW-PW-PW-PW,979200/937156/119460/68400/97200/165600,0,b2 G*Cin=2560
32-16-16-48-16-64,6,23.724160,2372416,127.411200,4603,PW-DW-DW-PW-PW-PW,979200/937156/119460/102600/111600/122400,0,b2 G*Cin=2560
32-32-48-64,4,23.777520,2377752,180.633600,6763,PW-DW-DW-PW,979200/937156/238196/223200,0,b2 G*Cin=2560
32-16-48-16-32-64,6,23.814160,2381416,147.916800,6027,PW-DW-DW-PW-PW-PW,979200/937156/119460/111600/68400/165600,0,b2 G*Cin=2560
32-32-16-16-16-64,6,23.849520,2384952,143.769600,4203,PW-DW-DW-PW-PW-PW,979200/937156/238196/54000/54000/122400,0,b2 G*Cin=2560
32-32-48-16-64,5,23.885520,2388552,164.275200,5627,PW-DW-DW-PW-PW,979200/937156/238196/111600/122400,0,b2 G*Cin=2560
32-32-16-32-64,5,23.885520,2388552,158.515200,5227,PW-DW-DW-PW-PW,979200/937156/238196/68400/165600,0,b2 G*Cin=2560
32-64-64,3,23.920240,2392024,230.169600,7131,PW-DW-DW,979200/937156/475668,0,b2 G*Cin=2560;b3 G*Cin=2560
32-48-16-64,4,23.956880,2395688,167.500800,4315,PW-DW-DW-PW,979200/937156/356932/122400,0,b2 G*Cin=2560
32-16-32-32-32-64,6,23.958160,2395816,155.289600,6539,PW-DW-DW-PW-PW-PW,979200/937156/119460/97200/97200/165600,0,b2 G*Cin=2560
32-16-64-32-16-64,6,23.987560,2398756,157.363200,6683,PW-DW-PW-PW-PW-PW,979200/937156/122400/154800/82800/122400,0,b2 G*Cin=2560
32-16-32-48-64,5,24.102160,2410216,160.588800,6907,PW-DW-DW-PW-PW,979200/937156/119460/151200/223200,0,b2 G*Cin=2560
32-16-64-16-32-64,6,24.131560,2413156,157.363200,6683,PW-DW-PW-PW-PW-PW,979200/937156/122400/140400/68400/165600,0,b2 G*Cin=2560
32-32-32-16-16-64,6,24.137520,2413752,156.902400,5115,PW-DW-DW-PW-PW-PW,979200/937156/238196/82800/54000/122400,0,b2 G*Cin=2560
32-16-16-16-48-64,6,24.156160,2415616,149.529600,6139,PW-DW-DW-PW-PW-PW,979200/937156/119460/54000/102600/223200,0,b2 G*Cin=2560
32-32-64-16-64,5,24.173520,2417352,177.408000,6539,PW-DW-DW-PW-PW,979200/937156/238196/140400/122400,0,b2 G*Cin=2560
32-32-32-32-64,5,24.173520,2417352,175.334400,6395,PW-DW-DW-PW-PW,979200/937156/238196/97200/165600,0,b2 G*Cin=2560
32-16-32-48-16-64,6,24.210160,2421016,144.230400,5771,PW-DW-DW-PW-PW-PW,979200/937156/119460/151200/111600/122400,0,b2 G*Cin=2560
32-16-16-64-16-64,6,24.210160,2421016,136.857600,5259,PW-DW-DW-PW-PW-PW,979200/937156/119460/122400/140400/122400,0,b2 G*Cin=2560
32-16-48-32-32-64,6,24.246160,2424616,168.422400,7451,PW-DW-DW-PW-PW-PW,979200/937156/119460/126000/97200/165600,0,b2 G*Cin=2560
32-32-16-32-16-64,6,24.281520,2428152,153.216000,4859,PW-DW-DW-PW-PW-PW,979200/937156/238196/68400/82800/122400,0,b2 G*Cin=2560
32-16-16-48-32-64,6,24.300160,2430016,155.289600,6539,PW-DW-DW-PW-PW-PW,979200/937156/119460/102600/126000/165600,0,b2 G*Cin=2560
32-32-64-64,4,24.353520,2435352,204.825600,8443,PW-DW-DW-PW,979200/937156/238196/280800,0,b2 G*Cin=2560
32-48-32-64,4,24.388880,2438888,195.379200,6251,PW-DW-DW-PW,979200/937156/356932/165600,0,b2 G*Cin=2560
32-16-16-64-64,5,24.390160,2439016,164.275200,7163,PW-DW-DW-PW-PW,979200/937156/119460/122400/280800,0,b2 G*Cin=2560
32-32-48-16-16-64,6,24.425520,2442552,170.035200,6027,PW-DW-DW-PW-PW-PW,979200/937156/238196/111600/54000/122400,0,b2 G*Cin=2560
32-32-16-16-32-64,6,24.425520,2442552,164.275200,5627,PW-DW-DW-PW-PW-PW,979200/937156/238196/54000/68400/165600,0,b2 G*Cin=2560
32-16-32-16-48-64,6,24.444160,2444416,158.976000,6795,PW-DW-DW-PW-PW-PW,979200/937156/119460/82800/102600/223200,0,b2 G*Cin=2560
32-32-48-32-64,5,24.461520,2446152,192.153600,7563,PW-DW-DW-PW-PW,979200/937156/238196/126000/165600,0,b2 G*Cin=2560
32-48-16-16-64,5,24.496880,2449688,173.260800,4715,PW-DW-DW-PW-PW,979200/937156/356932/54000/122400,0,b2 G*Cin=2560
32-16-64-32-32-64,6,24.563560,2456356,181.555200,8363,PW-DW-PW-PW-PW-PW,979200/937156/122400/154800/97200/165600,0,b2 G*Cin=2560
32-32-32-32-16-64,6,24.569520,2456952,170.035200,6027,PW-DW-DW-PW-PW-PW,979200/937156/238196/97200/82800/122400,0,b2 G*Cin=2560
32-16-32-64-16-64,6,24.642160,2464216,157.363200,6683,PW-DW-DW-PW-PW-PW,979200/937156/119460/165600/140400/122400,0,b2 G*Cin=2560
32-16-48-48-64,5,24.678160,2467816,177.408000,8075,PW-DW-DW-PW-PW,979200/937156/119460/208800/223200,0,b2 G*Cin=2560
32-32-64-16-16-64,6,24.713520,2471352,183.168000,6939,PW-DW-DW-PW-PW-PW,979200/937156/238196/140400/54000/122400,0,b2 G*Cin=2560
32-32-32-16-32-64,6,24.713520,2471352,177.408000,6539,PW-DW-DW-PW-PW-PW,979200/937156/238196/82800/68400/165600,0,b2 G*Cin=2560
32-16-48-16-48-64,6,24.732160,2473216,168.422400,7451,PW-DW-DW-PW-PW-PW,979200/937156/119460/111600/102600/223200,0,b2 G*Cin=2560
32-32-64-32-64,5,24.749520,2474952,208.972800,8731,PW-DW-DW-PW-PW,979200/937156/238196/154800/165600,0,b2 G*Cin=2560
32-48-32-16-64,5,24.784880,2478488,190.080000,5883,PW-DW-DW-PW-PW,979200/937156/356932/82800/122400,0,b2 G*Cin=2560
32-16-32-48-32-64,6,24.786160,2478616,172.108800,7707,PW-DW-DW-PW-PW-PW,979200/937156/119460/151200/126000/165600,0,b2 G*Cin=2560
32-16-16-64-32-64,6,24.786160,2478616,168.422400,7451,PW-DW-DW-PW-PW-PW,979200/937156/119460/122400/154800/165600,0,b2 G*Cin=2560
32-16-16-32-48-64,6,24.786160,2478616,166.348800,7307,PW-DW-DW-PW-PW-PW,979200/937156/119460/68400/151200/223200,0,b2 G*Cin=2560
32-16-48-48-16-64,6,24.786160,2478616,161.049600,6939,PW-DW-DW-PW-PW-PW,979200/937156/119460/208800/111600/122400,0,b2 G*Cin=2560
32-32-16-48-64,5,24.803520,2480352,179.020800,6651,PW-DW-DW-PW-PW,979200/937156/238196/102600/223200,0,b2 G*Cin=2560
32-16-32-64-64,5,24.822160,2482216,184.780800,8587,PW-DW-DW-PW-PW,979200/937156/119460/165600/280800,0,b2 G*Cin=2560
32-32-48-32-16-64,6,24.857520,2485752,186.854400,7195,PW-DW-DW-PW-PW-PW,979200/937156/238196/126000/82800/122400,0,b2 G*Cin=2560
32-32-16-32-32-64,6,24.857520,2485752,177.408000,6539,PW-DW-DW-PW-PW-PW,979200/937156/238196/68400/97200/165600,0,b2 G*Cin=2560
32-32-16-48-16-64,6,24.911520,2491152,162.662400,5515,PW-DW-DW-PW-PW-PW,979200/937156/238196/102600/111600/122400,0,b2 G*Cin=2560
32-16-16-16-64-64,6,24.930160,2493016,170.035200,7563,PW-DW-DW-PW-PW-PW,979200/937156/119460/54000/122400/280800,0,b2 G*Cin=2560
32-48-48-64,4,24.964880,2496488,223.257600,8187,PW-DW-DW-PW,979200/937156/356932/223200,0,b2 G*Cin=2560
32-32-48-16-32-64,6,25.001520,2500152,190.540800,7451,PW-DW-DW-PW-PW-PW,979200/937156/238196/111600/68400/165600,0,b2 G*Cin=2560
32-48-16-16-16-64,6,25.036880,2503688,179.020800,5115,PW-DW-DW-PW-PW-PW,979200/937156/356932/54000/54000/122400,0,b2 G*Cin=2560
32-16-64-16-48-64,6,25.049560,2504956,177.868800,8107,PW-DW-PW-PW-PW-PW,979200/937156/122400/140400/102600/223200,0,b2 G*Cin=2560
32-48-48-16-64,5,25.072880,2507288,206.899200,7051,PW-DW-DW-PW-PW,979200/937156/356932/111600/122400,0,b2 G*Cin=2560
32-48-16-32-64,5,25.072880,2507288,193.766400,6139,PW-DW-DW-PW-PW,979200/937156/356932/68400/165600,0,b2 G*Cin=2560
32-16-32-32-48-64,6,25.074160,2507416,179.481600,8219,PW-DW-DW-PW-PW-PW,979200/937156/119460/97200/151200/223200,0,b2 G*Cin=2560
32-64-16-64,4,25.144240,2514424,202.752000,5227,PW-DW-DW-PW,979200/937156/475668/122400,0,b2 G*Cin=2560;b3 G*Cin=2560
32-32-64-32-16-64,6,25.145520,2514552,203.673600,8363,PW-DW-DW-PW-PW-PW,979200/937156/238196/154800/82800/122400,0,b2 G*Cin=2560
32-32-32-32-32-64,6,25.145520,2514552,194.227200,7707,PW-DW-DW-PW-PW-PW,979200/937156/238196/97200/97200/165600,0,b2 G*Cin=2560
32-16-32-64-32-64,6,25.218160,2521816,188.928000,8875,PW-DW-DW-PW-PW-PW,979200/937156/119460/165600/154800/165600,0,b2 G*Cin=2560
32-16-32-16-64-64,6,25.218160,2521816,179.481600,8219,PW-DW-DW-PW-PW-PW,979200/937156/119460/82800/122400/280800,0,b2 G*Cin=2560
32-16-48-64-16-64,6,25.218160,2521816,177.868800,8107,PW-DW-DW-PW-PW-PW,979200/937156/119460/223200/140400/122400,0,b2 G*Cin=2560
32-16-64-48-64,5,25.283560,2528356,194.227200,9243,PW-DW-PW-PW-PW,979200/937156/122400/266400/223200,0,b2 G*Cin=2560
32-32-64-16-32-64,6,25.289520,2528952,203.673600,8363,PW-DW-DW-PW-PW-PW,979200/937156/238196/140400/68400/165600,0,b2 G*Cin=2560
32-32-32-48-64,5,25.289520,2528952,199.526400,8075,PW-DW-DW-PW-PW,979200/937156/238196/151200/223200,0,b2 G*Cin=2560
32-48-32-16-16-64,6,25.324880,2532488,195.840000,6283,PW-DW-DW-PW-PW-PW,979200/937156/356932/82800/54000/122400,0,b2 G*Cin=2560
32-32-16-16-48-64,6,25.343520,2534352,184.780800,7051,PW-DW-DW-PW-PW-PW,979200/937156/238196/54000/102600/223200,0,b2 G*Cin=2560
32-48-64-16-64,5,25.360880,2536088,223.718400,8219,PW-DW-DW-PW-PW,979200/937156/356932/140400/122400,0,b2 G*Cin=2560
32-48-32-32-64,5,25.360880,2536088,214.272000,7563,PW-DW-DW-PW-PW,979200/937156/356932/97200/165600,0,b2 G*Cin=2560
32-16-48-32-48-64,6,25.362160,2536216,192.614400,9131,PW-DW-DW-PW-PW-PW,979200/937156/119460/126000/151200/223200,0,b2 G*Cin=2560
32-16-48-48-32-64,6,25.362160,2536216,188.928000,8875,PW-DW-DW-PW-PW-PW,979200/937156/119460/208800/126000/165600,0,b2 G*Cin=2560
32-16-64-48-16-64,6,25.391560,2539156,177.868800,8107,PW-DW-PW-PW-PW-PW,979200/937156/122400/266400/111600/122400,0,b2 G*Cin=2560
32-32-32-48-16-64,6,25.397520,2539752,183.168000,6939,PW-DW-DW-PW-PW-PW,979200/937156/238196/151200/111600/122400,0,b2 G*Cin=2560
32-32-16-64-16-64,6,25.397520,2539752,172.108800,6171,PW-DW-DW-PW-PW-PW,979200/937156/238196/122400/140400/122400,0,b2 G*Cin=2560
32-16-48-64-64,5,25.398160,2539816,205.286400,10011,PW-DW-DW-PW-PW,979200/937156/119460/223200/280800,0,b2 G*Cin=2560
32-32-48-32-32-64,6,25.433520,2543352,211.046400,8875,PW-DW-DW-PW-PW-PW,979200/937156/238196/126000/97200/165600,0,b2 G*Cin=2560
32-48-16-32-16-64,6,25.468880,2546888,188.467200,5771,PW-DW-DW-PW-PW-PW,979200/937156/356932/68400/82800/122400,0,b2 G*Cin=2560
32-32-16-48-32-64,6,25.487520,2548752,190.540800,7451,PW-DW-DW-PW-PW-PW,979200/937156/238196/102600/126000/165600,0,b2 G*Cin=2560
32-16-16-32-64-64,6,25.506160,2550616,190.540800,8987,PW-DW-DW-PW-PW-PW,979200/937156/119460/68400/165600/280800,0,b2 G*Cin=2560
32-16-48-16-64-64,6,25.506160,2550616,188.928000,8875,PW-DW-DW-PW-PW-PW,979200/937156/119460/111600/122400/280800,0,b2 G*Cin=2560
32-48-64-64,4,25.540880,2554088,251.136000,10123,PW-DW-DW-PW,979200/937156/356932/280800,0,b2 G*Cin=2560
32-64-32-64,4,25.576240,2557624,234.316800,7419,PW-DW-DW-PW,979200/937156/475668/165600,0,b2 G*Cin=2560;b3 G*Cin=2560
32-32-16-64-64,5,25.577520,2557752,199.526400,8075,PW-DW-DW-PW-PW,979200/937156/238196/122400/280800,0,b2 G*Cin=2560
32-48-48-16-16-64,6,25.612880,2561288,212.659200,7451,PW-DW-DW-PW-PW-PW,979200/937156/356932/111600/54000/122400,0,b2 G*Cin=2560
32-48-16-16-32-64,6,25.612880,2561288,199.526400,6539,PW-DW-DW-PW-PW-PW,979200/937156/356932/54000/68400/165600,0,b2 G*Cin=2560
32-32-32-16-48-64,6,25.631520,2563152,197.913600,7963,PW-DW-DW-PW-PW-PW,979200/937156/238196/82800/102600/223200,0,b2 G*Cin=2560
32-48-48-32-64,5,25.648880,2564888,234.777600,8987,PW-DW-DW-PW-PW,979200/937156/356932/126000/165600,0,b2 G*Cin=2560
32-16-64-32-48-64,6,25.679560,2567956,205.747200,10043,PW-DW-PW-PW-PW-PW,979200/937156/122400/154800/151200/223200,0,b2 G*Cin=2560
32-64-16-16-64,5,25.684240,2568424,208.512000,5627,PW-DW-DW-PW-PW,979200/937156/475668/54000/122400,0,b2 G*Cin=2560;b3 G*Cin=2560
32-16-16-48-48-64,6,25.704160,2570416,183.168000,8475,PW-DW-DW-PW-PW-PW,979200/937156/119460/102600/208800/223200,0,b2 G*Cin=2560
32-32-64-32-32-64,6,25.721520,2572152,227.865600,10043,PW-DW-DW-PW-PW-PW,979200/937156/238196/154800/97200/165600,0,b2 G*Cin=2560
32-48-32-32-16-64,6,25.756880,2575688,208.972800,7195,PW-DW-DW-PW-PW-PW,979200/937156/356932/97200/82800/122400,0,b2 G*Cin=2560
32-16-48-64-32-64,6,25.794160,2579416,209.433600,10299,PW-DW-DW-PW-PW-PW,979200/937156/119460/223200/154800/165600,0,b2 G*Cin=2560
32-16-32-32-64-64,6,25.794160,2579416,203.673600,9899,PW-DW-DW-PW-PW-PW,979200/937156/119460/97200/165600/280800,0,b2 G*Cin=2560
32-16-64-16-64-64,6,25.823560,2582356,198.374400,9531,PW-DW-PW-PW-PW-PW,979200/937156/122400/140400/122400/280800,0,b2 G*Cin=2560
32-16-64-64-16-64,6,25.823560,2582356,198.374400,9531,PW-DW-PW-PW-PW-PW,979200/937156/122400/280800/140400/122400,0,b2 G*Cin=2560
32-32-32-64-16-64,6,25.829520,2582952,196.300800,7851,PW-DW-DW-PW-PW-PW,979200/937156/238196/165600/140400/122400,0,b2 G*Cin=2560
32-32-48-48-64,5,25.865520,2586552,220.032000,9499,PW-DW-DW-PW-PW,979200/937156/238196/208800/223200,0,b2 G*Cin=2560
32-48-64-16-16-64,6,25.900880,2590088,229.478400,8619,PW-DW-DW-PW-PW-PW,979200/937156/356932/140400/54000/122400,0,b2 G*Cin=2560
32-48-32-16-32-64,6,25.900880,2590088,216.345600,7707,PW-DW-DW-PW-PW-PW,979200/937156/356932/82800/68400/165600,0,b2 G*Cin=2560
32-32-48-16-48-64,6,25.919520,2591952,211.046400,8875,PW-DW-DW-PW-PW-PW,979200/937156/238196/111600/102600/223200,0,b2 G*Cin=2560
32-48-64-32-64,5,25.936880,2593688,255.283200,10411,PW-DW-DW-PW-PW,979200/937156/356932/154800/165600,0,b2 G*Cin=2560
32-16-64-48-32-64,6,25.967560,2596756,205.747200,10043,PW-DW-PW-PW-PW-PW,979200/937156/122400/266400/126000/165600,0,b2 G*Cin=2560
32-64-32-16-64,5,25.972240,2597224,229.017600,7051,PW-DW-DW-PW-PW,979200/937156/475668/82800/122400,0,b2 G*Cin=2560;b3 G*Cin=2560
32-32-32-48-32-64,6,25.973520,2597352,211.046400,8875,PW-DW-DW-PW-PW-PW,979200/937156/238196/151200/126000/165600,0,b2 G*Cin=2560
32-32-16-64-32-64,6,25.973520,2597352,203.673600,8363,PW-DW-DW-PW-PW-PW,979200/937156/238196/122400/154800/165600,0,b2 G*Cin=2560
32-32-48-48-16-64,6,25.973520,2597352,203.673600,8363,PW-DW-DW-PW-PW-PW,979200/937156/238196/208800/111600/122400,0,b2 G*Cin=2560
32-32-16-32-48-64,6,25.973520,2597352,201.600000,8219,PW-DW-DW-PW-PW-PW,979200/937156/238196/68400/151200/223200,0,b2 G*Cin=2560
32-48-16-48-64,5,25.990880,2599088,214.272000,7563,PW-DW-DW-PW-PW,979200/937156/356932/102600/223200,0,b2 G*Cin=2560
32-16-64-64-64,5,26.003560,2600356,225.792000,11435,PW-DW-PW-PW-PW,979200/937156/122400/280800/280800,0,b2 G*Cin=2560
32-32-32-64-64,5,26.009520,2600952,223.718400,9755,PW-DW-DW-PW-PW,979200/937156/238196/165600/280800,0,b2 G*Cin=2560
32-48-48-32-16-64,6,26.044880,2604488,229.478400,8619,PW-DW-DW-PW-PW-PW,979200/937156/356932/126000/82800/122400,0,b2 G*Cin=2560
32-48-16-32-32-64,6,26.044880,2604488,212.659200,7451,PW-DW-DW-PW-PW-PW,979200/937156/356932/68400/97200/165600,0,b2 G*Cin=2560
32-16-48-32-64-64,6,26.082160,2608216,216.806400,10811,PW-DW-DW-PW-PW-PW,979200/937156/119460/126000/165600/280800,0,b2 G*Cin=2560
32-48-16-48-16-64,6,26.098880,2609888,197.913600,6427,PW-DW-DW-PW-PW-PW,979200/937156/356932/102600/111600/122400,0,b2 G*Cin=2560
32-32-16-16-64-64,6,26.117520,2611752,205.286400,8475,PW-DW-DW-PW-PW-PW,979200/937156/238196/54000/122400/280800,0,b2 G*Cin=2560
32-64-48-64,4,26.152240,2615224,265.881600,9611,PW-DW-DW-PW,979200/937156/475668/223200,0,b2 G*Cin=2560;b3 G*Cin=2560
32-48-48-16-32-64,6,26.188880,2618888,233.164800,8875,PW-DW-DW-PW-PW-PW,979200/937156/356932/111600/68400/165600,0,b2 G*Cin=2560
32-16-32-48-48-64,6,26.190160,2619016,199.987200,9643,PW-DW-DW-PW-PW-PW,979200/937156/119460/151200/208800/223200,0,b2 G*Cin=2560
32-32-64-16-48-64,6,26.207520,2620752,224.179200,9787,PW-DW-DW-PW-PW-PW,979200/937156/238196/140400/102600/223200,0,b2 G*Cin=2560
32-64-16-16-16-64,6,26.224240,2622424,214.272000,6027,PW-DW-DW-PW-PW-PW,979200/937156/475668/54000/54000/122400,0,b2 G*Cin=2560;b3 G*Cin=2560
32-64-48-16-64,5,26.260240,2626024,249.523200,8475,PW-DW-DW-PW-PW,979200/937156/475668/111600/122400,0,b2 G*Cin=2560;b3 G*Cin=2560
32-64-16-32-64,5,26.260240,2626024,229.017600,7051,PW-DW-DW-PW-PW,979200/937156/475668/68400/165600,0,b2 G*Cin=2560;b3 G*Cin=2560
32-32-32-32-48-64,6,26.261520,2626152,218.419200,9387,PW-DW-DW-PW-PW-PW,979200/937156/238196/97200/151200/223200,0,b2 G*Cin=2560
32-48-64-32-16-64,6,26.332880,2633288,249.984000,10043,PW-DW-DW-PW-PW-PW,979200/937156/356932/154800/82800/122400,0,b2 G*Cin=2560
32-48-32-32-32-64,6,26.332880,2633288,233.164800,8875,PW-DW-DW-PW-PW-PW,979200/937156/356932/97200/97200/165600,0,b2 G*Cin=2560
32-16-64-32-64-64,6,26.399560,2639956,229.939200,11723,PW-DW-PW-PW-PW-PW,979200/937156/122400/154800/165600/280800,0,b2 G*Cin=2560
32-16-64-64-32-64,6,26.399560,2639956,229.939200,11723,PW-DW-PW-PW-PW-PW,979200/937156/122400/280800/154800/165600,0,b2 G*Cin=2560
32-32-32-64-32-64,6,26.405520,2640552,227.865600,10043,PW-DW-DW-PW-PW-PW,979200/937156/238196/165600/154800/165600,0,b2 G*Cin=2560
32-32-48-64-16-64,6,26.405520,2640552,220.492800,9531,PW-DW-DW-PW-PW-PW,979200/937156/238196/223200/140400/122400,0,b2 G*Cin=2560
32-32-32-16-64-64,6,26.405520,2640552,218.419200,9387,PW-DW-DW-PW-PW-PW,979200/937156/238196/82800/122400/280800,0,b2 G*Cin=2560
32-16-16-48-64-64,6,26.424160,2642416,211.046400,10411,PW-DW-DW-PW-PW-PW,979200/937156/119460/102600/223200/280800,0,b2 G*Cin=2560
32-32-64-48-64,5,26.441520,2644152,240.537600,10923,PW-DW-DW-PW-PW,979200/937156/238196/266400/223200,0,b2 G*Cin=2560
32-48-64-16-32-64,6,26.476880,2647688,249.984000,10043,PW-DW-DW-PW-PW-PW,979200/937156/356932/140400/68400/165600,0,b2 G*Cin=2560
32-48-32-48-64,5,26.476880,2647688,238.464000,9243,PW-DW-DW-PW-PW,979200/937156/356932/151200/223200,0,b2 G*Cin=2560
32-16-16-64-48-64,6,26.478160,2647816,199.987200,9643,PW-DW-DW-PW-PW-PW,979200/937156/119460/122400/266400/223200,0,b2 G*Cin=2560
32-64-32-16-16-64,6,26.512240,2651224,234.777600,7451,PW-DW-DW-PW-PW-PW,979200/937156/475668/82800/54000/122400,0,b2 G*Cin=2560;b3 G*Cin=2560
32-48-16-16-48-64,6,26.530880,2653088,220.032000,7963,PW-DW-DW-PW-PW-PW,979200/937156/356932/54000/102600/223200,0,b2 G*Cin=2560
32-64-64-16-64,5,26.548240,2654824,270.028800,9899,PW-DW-DW-PW-PW,979200/937156/475668/140400/122400,0,b2 G*Cin=2560;b3 G*Cin=2560
32-64-32-32-64,5,26.548240,2654824,253.209600,8731,PW-DW-DW-PW-PW,979200/937156/475668/97200/165600,0,b2 G*Cin=2560;b3 G*Cin=2560
32-32-48-32-48-64,6,26.549520,2654952,235.238400,10555,PW-DW-DW-PW-PW-PW,979200/937156/238196/126000/151200/223200,0,b2 G*Cin=2560
32-32-48-48-32-64,6,26.549520,2654952,231.552000,10299,PW-DW-DW-PW-PW-PW,979200/937156/238196/208800/126000/165600,0,b2 G*Cin=2560
32-32-64-48-16-64,6,26.549520,2654952,224.179200,9787,PW-DW-DW-PW-PW-PW,979200/937156/238196/266400/111600/122400,0,b2 G*Cin=2560
32-48-32-48-16-64,6,26.584880,2658488,222.105600,8107,PW-DW-DW-PW-PW-PW,979200/937156/356932/151200/111600/122400,0,b2 G*Cin=2560
32-48-16-64-16-64,6,26.584880,2658488,207.360000,7083,PW-DW-DW-PW-PW-PW,979200/937156/356932/122400/140400/122400,0,b2 G*Cin=2560
32-32-48-64-64,5,26.585520,2658552,247.910400,11435,PW-DW-DW-PW-PW,979200/937156/238196/223200/280800,0,b2 G*Cin=2560
32-48-48-32-32-64,6,26.620880,2662088,253.670400,10299,PW-DW-DW-PW-PW-PW,979200/937156/356932/126000/97200/165600,0,b2 G*Cin=2560
32-64-16-32-16-64,6,26.656240,2665624,223.718400,6683,PW-DW-DW-PW-PW-PW,979200/937156/475668/68400/82800/122400,0,b2 G*Cin=2560;b3 G*Cin=2560
32-48-16-48-32-64,6,26.674880,2667488,225.792000,8363,PW-DW-DW-PW-PW-PW,979200/937156/356932/102600/126000/165600,0,b2 G*Cin=2560
32-32-48-16-64-64,6,26.693520,2669352,231.552000,10299,PW-DW-DW-PW-PW-PW,979200/937156/238196/111600/122400/280800,0,b2 G*Cin=2560
32-32-16-32-64-64,6,26.693520,2669352,225.792000,9899,PW-DW-DW-PW-PW-PW,979200/937156/238196/68400/165600/280800,0,b2 G*Cin=2560
32-64-64-64,4,26.728240,2672824,297.446400,11803,PW-DW-DW-PW,979200/937156/475668/280800,0,b2 G*Cin=2560;b3 G*Cin=2560
32-48-16-64-64,5,26.764880,2676488,234.777600,8987,PW-DW-DW-PW-PW,979200/937156/356932/122400/280800,0,b2 G*Cin=2560
32-16-48-48-48-64,6,26.766160,2676616,216.806400,10811,PW-DW-DW-PW-PW-PW,979200/937156/119460/208800/208800/223200,0,b2 G*Cin=2560
32-64-48-16-16-64,6,26.800240,2680024,255.283200,8875,PW-DW-DW-PW-PW-PW,979200/937156/475668/111600/54000/122400,0,b2 G*Cin=2560;b3 G*Cin=2560
32-64-16-16-32-64,6,26.800240,2680024,234.777600,7451,PW-DW-DW-PW-PW-PW,979200/937156/475668/54000/68400/165600,0,b2 G*Cin=2560;b3 G*Cin=2560
32-48-32-16-48-64,6,26.818880,2681888,236.851200,9131,PW-DW-DW-PW-PW-PW,979200/937156/356932/82800/102600/223200,0,b2 G*Cin=2560
32-64-48-32-64,5,26.836240,2683624,277.401600,10411,PW-DW-DW-PW-PW,979200/937156/475668/126000/165600,0,b2 G*Cin=2560;b3 G*Cin=2560
32-32-64-32-48-64,6,26.837520,2683752,252.057600,11723,PW-DW-DW-PW-PW-PW,979200/937156/238196/154800/151200/223200,0,b2 G*Cin=2560
32-32-16-48-48-64,6,26.891520,2689152,218.419200,9387,PW-DW-DW-PW-PW-PW,979200/937156/238196/102600/208800/223200,0,b2 G*Cin=2560
32-48-64-32-32-64,6,26.908880,2690888,274.176000,11723,PW-DW-DW-PW-PW-PW,979200/937156/356932/154800/97200/165600,0,b2 G*Cin=2560
32-16-32-48-64-64,6,26.910160,2691016,227.865600,11579,PW-DW-DW-PW-PW-PW,979200/937156/119460/151200/223200/280800,0,b2 G*Cin=2560
32-16-32-64-48-64,6,26.910160,2691016,220.492800,11067,PW-DW-DW-PW-PW-PW,979200/937156/119460/165600/266400/223200,0,b2 G*Cin=2560
32-64-32-32-16-64,6,26.944240,2694424,247.910400,8363,PW-DW-DW-PW-PW-PW,979200/937156/475668/97200/82800/122400,0,b2 G*Cin=2560;b3 G*Cin=2560
32-32-48-64-32-64,6,26.981520,2698152,252.057600,11723,PW-DW-DW-PW-PW-PW,979200/937156/238196/223200/154800/165600,0,b2 G*Cin=2560
32-32-64-16-64-64,6,26.981520,2698152,244.684800,11211,PW-DW-DW-PW-PW-PW,979200/937156/238196/140400/122400/280800,0,b2 G*Cin=2560
32-32-64-64-16-64,6,26.981520,2698152,244.684800,11211,PW-DW-DW-PW-PW-PW,979200/937156/238196/280800/140400/122400,0,b2 G*Cin=2560
32-32-32-32-64-64,6,26.981520,2698152,242.611200,11067,PW-DW-DW-PW-PW-PW,979200/937156/238196/97200/165600/280800,0,b2 G*Cin=2560
32-48-32-64-16-64,6,27.016880,2701688,235.238400,9019,PW-DW-DW-PW-PW-PW,979200/937156/356932/165600/140400/122400,0,b2 G*Cin=2560
32-48-48-48-64,5,27.052880,2705288,262.656000,10923,PW-DW-DW-PW-PW,979200/937156/356932/208800/223200,0,b2 G*Cin=2560
32-64-64-16-16-64,6,27.088240,2708824,275.788800,10299,PW-DW-DW-PW-PW-PW,979200/937156/475668/140400/54000/122400,0,b2 G*Cin=2560;b3 G*Cin=2560
32-64-32-16-32-64,6,27.088240,2708824,255.283200,8875,PW-DW-DW-PW-PW-PW,979200/937156/475668/82800/68400/165600,0,b2 G*Cin=2560;b3 G*Cin=2560
32-48-48-16-48-64,6,27.106880,2710688,253.670400,10299,PW-DW-DW-PW-PW-PW,979200/937156/356932/111600/102600/223200,0,b2 G*Cin=2560
32-64-64-32-64,5,27.124240,2712424,301.593600,12091,PW-DW-DW-PW-PW,979200/937156/475668/154800/165600,0,b2 G*Cin=2560;b3 G*Cin=2560
32-32-64-48-32-64,6,27.125520,2712552,252.057600,11723,PW-DW-DW-PW-PW-PW,979200/937156/238196/266400/126000/165600,0,b2 G*Cin=2560
32-48-32-48-32-64,6,27.160880,2716088,249.984000,10043,PW-DW-DW-PW-PW-PW,979200/937156/356932/151200/126000/165600,0,b2 G*Cin=2560
32-48-48-48-16-64,6,27.160880,2716088,246.297600,9787,PW-DW-DW-PW-PW-PW,979200/937156/356932/208800/111600/122400,0,b2 G*Cin=2560
32-48-16-64-32-64,6,27.160880,2716088,238.924800,9275,PW-DW-DW-PW-PW-PW,979200/937156/356932/122400/154800/165600,0,b2 G*Cin=2560
32-48-16-32-48-64,6,27.160880,2716088,236.851200,9131,PW-DW-DW-PW-PW-PW,979200/937156/356932/68400/151200/223200,0,b2 G*Cin=2560
32-32-64-64-64,5,27.161520,2716152,272.102400,13115,PW-DW-DW-PW-PW,979200/937156/238196/280800/280800,0,b2 G*Cin=2560
32-64-16-48-64,5,27.178240,2717824,249.523200,8475,PW-DW-DW-PW-PW,979200/937156/475668/102600/223200,0,b2 G*Cin=2560;b3 G*Cin=2560
32-48-32-64-64,5,27.196880,2719688,262.656000,10923,PW-DW-DW-PW-PW,979200/937156/356932/165600/280800,0,b2 G*Cin=2560
32-16-16-64-64-64,6,27.198160,2719816,231.552000,11835,PW-DW-DW-PW-PW-PW,979200/937156/119460/122400/280800/280800,0,b2 G*Cin=2560
32-64-48-32-16-64,6,27.232240,2723224,272.102400,10043,PW-DW-DW-PW-PW-PW,979200/937156/475668/126000/82800/122400,0,b2 G*Cin=2560;b3 G*Cin=2560
32-64-16-32-32-64,6,27.232240,2723224,247.910400,8363,PW-DW-DW-PW-PW-PW,979200/937156/475668/68400/97200/165600,0,b2 G*Cin=2560;b3 G*Cin=2560
32-32-48-32-64-64,6,27.269520,2726952,259.430400,12235,PW-DW-DW-PW-PW-PW,979200/937156/238196/126000/165600/280800,0,b2 G*Cin=2560
32-64-16-48-16-64,6,27.286240,2728624,233.164800,7339,PW-DW-DW-PW-PW-PW,979200/937156/475668/102600/111600/122400,0,b2 G*Cin=2560;b3 G*Cin=2560
32-48-16-16-64-64,6,27.304880,2730488,240.537600,9387,PW-DW-DW-PW-PW-PW,979200/937156/356932/54000/122400/280800,0,b2 G*Cin=2560
32-16-64-48-48-64,6,27.371560,2737156,233.625600,11979,PW-DW-PW-PW-PW-PW,979200/937156/122400/266400/208800/223200,0,b2 G*Cin=2560
32-64-48-16-32-64,6,27.376240,2737624,275.788800,10299,PW-DW-DW-PW-PW-PW,979200/937156/475668/111600/68400/165600,0,b2 G*Cin=2560;b3 G*Cin=2560
32-32-32-48-48-64,6,27.377520,2737752,238.924800,10811,PW-DW-DW-PW-PW-PW,979200/937156/238196/151200/208800/223200,0,b2 G*Cin=2560
32-48-64-16-48-64,6,27.394880,2739488,270.489600,11467,PW-DW-DW-PW-PW-PW,979200/937156/356932/140400/102600/223200,0,b2 G*Cin=2560
32-48-32-32-48-64,6,27.448880,2744888,257.356800,10555,PW-DW-DW-PW-PW-PW,979200/937156/356932/97200/151200/223200,0,b2 G*Cin=2560
32-16-48-48-64-64,6,27.486160,2748616,244.684800,12747,PW-DW-DW-PW-PW-PW,979200/937156/119460/208800/223200/280800,0,b2 G*Cin=2560
32-16-48-64-48-64,6,27.486160,2748616,240.998400,12491,PW-DW-DW-PW-PW-PW,979200/937156/119460/223200/266400/223200,0,b2 G*Cin=2560
32-64-64-32-16-64,6,27.520240,2752024,296.294400,11723,PW-DW-DW-PW-PW-PW,979200/937156/475668/154800/82800/122400,0,b2 G*Cin=2560;b3 G*Cin=2560
32-64-32-32-32-64,6,27.520240,2752024,272.102400,10043,PW-DW-DW-PW-PW-PW,979200/937156/475668/97200/97200/165600,0,b2 G*Cin=2560;b3 G*Cin=2560
32-32-64-32-64-64,6,27.557520,2755752,276.249600,13403,PW-DW-DW-PW-PW-PW,979200/937156/238196/154800/165600/280800,0,b2 G*Cin=2560
32-32-64-64-32-64,6,27.557520,2755752,276.249600,13403,PW-DW-DW-PW-PW-PW,979200/937156/238196/280800/154800/165600,0,b2 G*Cin=2560
32-48-32-64-32-64,6,27.592880,2759288,266.803200,11211,PW-DW-DW-PW-PW-PW,979200/937156/356932/165600/154800/165600,0,b2 G*Cin=2560
32-48-48-64-16-64,6,27.592880,2759288,263.116800,10955,PW-DW-DW-PW-PW-PW,979200/937156/356932/223200/140400/122400,0,b2 G*Cin=2560
32-48-32-16-64-64,6,27.592880,2759288,257.356800,10555,PW-DW-DW-PW-PW-PW,979200/937156/356932/82800/122400/280800,0,b2 G*Cin=2560
32-32-16-48-64-64,6,27.611520,2761152,246.297600,11323,PW-DW-DW-PW-PW-PW,979200/937156/238196/102600/223200/280800,0,b2 G*Cin=2560
32-48-64-48-64,5,27.628880,2762888,286.848000,12603,PW-DW-DW-PW-PW,979200/937156/356932/266400/223200,0,b2 G*Cin=2560
32-16-32-64-64-64,6,27.630160,2763016,252.057600,13259,PW-DW-DW-PW-PW-PW,979200/937156/119460/165600/280800/280800,0,b2 G*Cin=2560
32-64-64-16-32-64,6,27.664240,2766424,296.294400,11723,PW-DW-DW-PW-PW-PW,979200/937156/475668/140400/68400/165600,0,b2 G*Cin=2560;b3 G*Cin=2560
32-64-32-48-64,5,27.664240,2766424,277.401600,10411,PW-DW-DW-PW-PW,979200/937156/475668/151200/223200,0,b2 G*Cin=2560;b3 G*Cin=2560
32-32-16-64-48-64,6,27.665520,2766552,235.238400,10555,PW-DW-DW-PW-PW-PW,979200/937156/238196/122400/266400/223200,0,b2 G*Cin=2560
32-64-16-16-48-64,6,27.718240,2771824,255.283200,8875,PW-DW-DW-PW-PW-PW,979200/937156/475668/54000/102600/223200,0,b2 G*Cin=2560;b3 G*Cin=2560
32-48-48-32-48-64,6,27.736880,2773688,277.862400,11979,PW-DW-DW-PW-PW-PW,979200/937156/356932/126000/151200/223200,0,b2 G*Cin=2560
32-48-48-48-32-64,6,27.736880,2773688,274.176000,11723,PW-DW-DW-PW-PW-PW,979200/937156/356932/208800/126000/165600,0,b2 G*Cin=2560
32-48-64-48-16-64,6,27.736880,2773688,270.489600,11467,PW-DW-DW-PW-PW-PW,979200/937156/356932/266400/111600/122400,0,b2 G*Cin=2560
32-64-32-48-16-64,6,27.772240,2777224,261.043200,9275,PW-DW-DW-PW-PW-PW,979200/937156/475668/151200/111600/122400,0,b2 G*Cin=2560;b3 G*Cin=2560
32-64-16-64-16-64,6,27.772240,2777224,242.611200,7995,PW-DW-DW-PW-PW-PW,979200/937156/475668/122400/140400/122400,0,b2 G*Cin=2560;b3 G*Cin=2560
32-48-48-64-64,5,27.772880,2777288,290.534400,12859,PW-DW-DW-PW-PW,979200/937156/356932/223200/280800,0,b2 G*Cin=2560
32-64-48-32-32-64,6,27.808240,2780824,296.294400,11723,PW-DW-DW-PW-PW-PW,979200/937156/475668/126000/97200/165600,0,b2 G*Cin=2560;b3 G*Cin=2560
32-64-16-48-32-64,6,27.862240,2786224,261.043200,9275,PW-DW-DW-PW-PW-PW,979200/937156/475668/102600/126000/165600,0,b2 G*Cin=2560;b3 G*Cin=2560
32-48-48-16-64-64,6,27.880880,2788088,274.176000,11723,PW-DW-DW-PW-PW-PW,979200/937156/356932/111600/122400/280800,0,b2 G*Cin=2560
32-48-16-32-64-64,6,27.880880,2788088,261.043200,10811,PW-DW-DW-PW-PW-PW,979200/937156/356932/68400/165600/280800,0,b2 G*Cin=2560
32-64-16-64-64,5,27.952240,2795224,270.028800,9899,PW-DW-DW-PW-PW,979200/937156/475668/122400/280800,0,b2 G*Cin=2560;b3 G*Cin=2560
32-32-48-48-48-64,6,27.953520,2795352,259.430400,12235,PW-DW-DW-PW-PW-PW,979200/937156/238196/208800/208800/223200,0,b2 G*Cin=2560
32-64-32-16-48-64,6,28.006240,2800624,275.788800,10299,PW-DW-DW-PW-PW-PW,979200/937156/475668/82800/102600/223200,0,b2 G*Cin=2560;b3 G*Cin=2560
32-48-64-32-48-64,6,28.024880,2802488,298.368000,13403,PW-DW-DW-PW-PW-PW,979200/937156/356932/154800/151200/223200,0,b2 G*Cin=2560
32-48-16-48-48-64,6,28.078880,2807888,253.670400,10299,PW-DW-DW-PW-PW-PW,979200/937156/356932/102600/208800/223200,0,b2 G*Cin=2560
32-16-64-48-64-64,6,28.091560,2809156,261.504000,13915,PW-DW-PW-PW-PW-PW,979200/937156/122400/266400/223200/280800,0,b2 G*Cin=2560
32-16-64-64-48-64,6,28.091560,2809156,261.504000,13915,PW-DW-PW-PW-PW-PW,979200/937156/122400/280800/266400/223200,0,b2 G*Cin=2560
32-64-64-32-32-64,6,28.096240,2809624,320.486400,13403,PW-DW-DW-PW-PW-PW,979200/937156/475668/154800/97200/165600,0,b2 G*Cin=2560;b3 G*Cin=2560
32-32-32-48-64-64,6,28.097520,2809752,266.803200,12747,PW-DW-DW-PW-PW-PW,979200/937156/238196/151200/223200/280800,0,b2 G*Cin=2560
32-32-32-64-48-64,6,28.097520,2809752,259.430400,12235,PW-DW-DW-PW-PW-PW,979200/937156/238196/165600/266400/223200,0,b2 G*Cin=2560
32-48-48-64-32-64,6,28.168880,2816888,294.681600,13147,PW-DW-DW-PW-PW-PW,979200/937156/356932/223200/154800/165600,0,b2 G*Cin=2560
32-48-64-16-64-64,6,28.168880,2816888,290.995200,12891,PW-DW-DW-PW-PW-PW,979200/937156/356932/140400/122400/280800,0,b2 G*Cin=2560
32-48-64-64-16-64,6,28.168880,2816888,290.995200,12891,PW-DW-DW-PW-PW-PW,979200/937156/356932/280800/140400/122400,0,b2 G*Cin=2560
32-48-32-32-64-64,6,28.168880,2816888,281.548800,12235,PW-DW-DW-PW-PW-PW,979200/937156/356932/97200/165600/280800,0,b2 G*Cin=2560
32-64-32-64-16-64,6,28.204240,2820424,274.176000,10187,PW-DW-DW-PW-PW-PW,979200/937156/475668/165600/140400/122400,0,b2 G*Cin=2560;b3 G*Cin=2560
32-16-48-64-64-64,6,28.206160,2820616,272.563200,14683,PW-DW-DW-PW-PW-PW,979200/937156/119460/223200/280800/280800,0,b2 G*Cin=2560
32-64-48-48-64,5,28.240240,2824024,305.280000,12347,PW-DW-DW-PW-PW,979200/937156/475668/208800/223200,0,b2 G*Cin=2560;b3 G*Cin=2560
32-64-48-16-48-64,6,28.294240,2829424,296.294400,11723,PW-DW-DW-PW-PW-PW,979200/937156/475668/111600/102600/223200,0,b2 G*Cin=2560;b3 G*Cin=2560
32-48-64-48-32-64,6,28.312880,2831288,298.368000,13403,PW-DW-DW-PW-PW-PW,979200/937156/356932/266400/126000/165600,0,b2 G*Cin=2560
32-64-32-48-32-64,6,28.348240,2834824,288.921600,11211,PW-DW-DW-PW-PW-PW,979200/937156/475668/151200/126000/165600,0,b2 G*Cin=2560;b3 G*Cin=2560
32-64-48-48-16-64,6,28.348240,2834824,288.921600,11211,PW-DW-DW-PW-PW-PW,979200/937156/475668/208800/111600/122400,0,b2 G*Cin=2560;b3 G*Cin=2560
32-64-16-64-32-64,6,28.348240,2834824,274.176000,10187,PW-DW-DW-PW-PW-PW,979200/937156/475668/122400/154800/165600,0,b2 G*Cin=2560;b3 G*Cin=2560
32-64-16-32-48-64,6,28.348240,2834824,272.102400,10043,PW-DW-DW-PW-PW-PW,979200/937156/475668/68400/151200/223200,0,b2 G*Cin=2560;b3 G*Cin=2560
32-48-64-64-64,5,28.348880,2834888,318.412800,14795,PW-DW-DW-PW-PW,979200/937156/356932/280800/280800,0,b2 G*Cin=2560
32-64-32-64-64,5,28.384240,2838424,301.593600,12091,PW-DW-DW-PW-PW,979200/937156/475668/165600/280800,0,b2 G*Cin=2560;b3 G*Cin=2560
32-32-16-64-64-64,6,28.385520,2838552,266.803200,12747,PW-DW-DW-PW-PW-PW,979200/937156/238196/122400/280800/280800,0,b2 G*Cin=2560
32-48-48-32-64-64,6,28.456880,2845688,302.054400,13659,PW-DW-DW-PW-PW-PW,979200/937156/356932/126000/165600/280800,0,b2 G*Cin=2560
32-64-16-16-64-64,6,28.492240,2849224,275.788800,10299,PW-DW-DW-PW-PW-PW,979200/937156/475668/54000/122400/280800,0,b2 G*Cin=2560;b3 G*Cin=2560
32-32-64-48-48-64,6,28.529520,2852952,279.936000,13659,PW-DW-DW-PW-PW-PW,979200/937156/238196/266400/208800/223200,0,b2 G*Cin=2560
32-48-32-48-48-64,6,28.564880,2856488,277.862400,11979,PW-DW-DW-PW-PW-PW,979200/937156/356932/151200/208800/223200,0,b2 G*Cin=2560
32-64-64-16-48-64,6,28.582240,2858224,316.800000,13147,PW-DW-DW-PW-PW-PW,979200/937156/475668/140400/102600/223200,0,b2 G*Cin=2560;b3 G*Cin=2560
32-64-32-32-48-64,6,28.636240,2863624,296.294400,11723,PW-DW-DW-PW-PW-PW,979200/937156/475668/97200/151200/223200,0,b2 G*Cin=2560;b3 G*Cin=2560
32-32-48-48-64-64,6,28.673520,2867352,287.308800,14171,PW-DW-DW-PW-PW-PW,979200/937156/238196/208800/223200/280800,0,b2 G*Cin=2560
32-32-48-64-48-64,6,28.673520,2867352,283.622400,13915,PW-DW-DW-PW-PW-PW,979200/937156/238196/223200/266400/223200,0,b2 G*Cin=2560
32-48-64-32-64-64,6,28.744880,2874488,322.560000,15083,PW-DW-DW-PW-PW-PW,979200/937156/356932/154800/165600/280800,0,b2 G*Cin=2560
32-48-64-64-32-64,6,28.744880,2874488,322.560000,15083,PW-DW-DW-PW-PW-PW,979200/937156/356932/280800/154800/165600,0,b2 G*Cin=2560
32-64-32-64-32-64,6,28.780240,2878024,305.740800,12379,PW-DW-DW-PW-PW-PW,979200/937156/475668/165600/154800/165600,0,b2 G*Cin=2560;b3 G*Cin=2560
32-64-48-64-16-64,6,28.780240,2878024,305.740800,12379,PW-DW-DW-PW-PW-PW,979200/937156/475668/223200/140400/122400,0,b2 G*Cin=2560;b3 G*Cin=2560
32-64-32-16-64-64,6,28.780240,2878024,296.294400,11723,PW-DW-DW-PW-PW-PW,979200/937156/475668/82800/122400/280800,0,b2 G*Cin=2560;b3 G*Cin=2560
32-48-16-48-64-64,6,28.798880,2879888,281.548800,12235,PW-DW-DW-PW-PW-PW,979200/937156/356932/102600/223200/280800,0,b2 G*Cin=2560
32-16-64-64-64-64,6,28.811560,2881156,293.068800,16107,PW-DW-PW-PW-PW-PW,979200/937156/122400/280800/280800/280800,0,b2 G*Cin=2560
32-64-64-48-64,5,28.816240,2881624,333.158400,14283,PW-DW-DW-PW-PW,979200/937156/475668/266400/223200,0,b2 G*Cin=2560;b3 G*Cin=2560
32-32-32-64-64-64,6,28.817520,2881752,290.995200,14427,PW-DW-DW-PW-PW-PW,979200/937156/238196/165600/280800/280800,0,b2 G*Cin=2560
32-48-16-64-48-64,6,28.852880,2885288,270.489600,11467,PW-DW-DW-PW-PW-PW,979200/937156/356932/122400/266400/223200,0,b2 G*Cin=2560
32-64-48-32-48-64,6,28.924240,2892424,320.486400,13403,PW-DW-DW-PW-PW-PW,979200/937156/475668/126000/151200/223200,0,b2 G*Cin=2560;b3 G*Cin=2560
32-64-48-48-32-64,6,28.924240,2892424,316.800000,13147,PW-DW-DW-PW-PW-PW,979200/937156/475668/208800/126000/165600,0,b2 G*Cin=2560;b3 G*Cin=2560
32-64-64-48-16-64,6,28.924240,2892424,316.800000,13147,PW-DW-DW-PW-PW-PW,979200/937156/475668/266400/111600/122400,0,b2 G*Cin=2560;b3 G*Cin=2560
32-64-48-64-64,5,28.960240,2896024,333.158400,14283,PW-DW-DW-PW-PW,979200/937156/475668/223200/280800,0,b2 G*Cin=2560;b3 G*Cin=2560
32-64-48-16-64-64,6,29.068240,2906824,316.800000,13147,PW-DW-DW-PW-PW-PW,979200/937156/475668/111600/122400/280800,0,b2 G*Cin=2560;b3 G*Cin=2560
32-64-16-32-64-64,6,29.068240,2906824,296.294400,11723,PW-DW-DW-PW-PW-PW,979200/937156/475668/68400/165600/280800,0,b2 G*Cin=2560;b3 G*Cin=2560
32-48-48-48-48-64,6,29.140880,2914088,302.054400,13659,PW-DW-DW-PW-PW-PW,979200/937156/356932/208800/208800/223200,0,b2 G*Cin=2560
32-64-64-32-48-64,6,29.212240,2921224,344.678400,15083,PW-DW-DW-PW-PW-PW,979200/937156/475668/154800/151200/223200,0,b2 G*Cin=2560;b3 G*Cin=2560
32-32-64-48-64-64,6,29.249520,2924952,307.814400,15595,PW-DW-DW-PW-PW-PW,979200/937156/238196/266400/223200/280800,0,b2 G*Cin=2560
32-32-64-64-48-64,6,29.249520,2924952,307.814400,15595,PW-DW-DW-PW-PW-PW,979200/937156/238196/280800/266400/223200,0,b2 G*Cin=2560
32-64-16-48-48-64,6,29.266240,2926624,288.921600,11211,PW-DW-DW-PW-PW-PW,979200/937156/475668/102600/208800/223200,0,b2 G*Cin=2560;b3 G*Cin=2560
32-48-32-48-64-64,6,29.284880,2928488,305.740800,13915,PW-DW-DW-PW-PW-PW,979200/937156/356932/151200/223200/280800,0,b2 G*Cin=2560
32-48-32-64-48-64,6,29.284880,2928488,298.368000,13403,PW-DW-DW-PW-PW-PW,979200/937156/356932/165600/266400/223200,0,b2 G*Cin=2560
32-64-48-64-32-64,6,29.356240,2935624,337.305600,14571,PW-DW-DW-PW-PW-PW,979200/937156/475668/223200/154800/165600,0,b2 G*Cin=2560;b3 G*Cin=2560
32-64-64-16-64-64,6,29.356240,2935624,337.305600,14571,PW-DW-DW-PW-PW-PW,979200/937156/475668/140400/122400/280800,0,b2 G*Cin=2560;b3 G*Cin=2560
32-64-64-64-16-64,6,29.356240,2935624,337.305600,14571,PW-DW-DW-PW-PW-PW,979200/937156/475668/280800/140400/122400,0,b2 G*Cin=2560;b3 G*Cin=2560
32-64-32-32-64-64,6,29.356240,2935624,320.486400,13403,PW-DW-DW-PW-PW-PW,979200/937156/475668/97200/165600/280800,0,b2 G*Cin=2560;b3 G*Cin=2560
32-32-48-64-64-64,6,29.393520,2939352,315.187200,16107,PW-DW-DW-PW-PW-PW,979200/937156/238196/223200/280800/280800,0,b2 G*Cin=2560
32-64-64-48-32-64,6,29.500240,2950024,344.678400,15083,PW-DW-DW-PW-PW-PW,979200/937156/475668/266400/126000/165600,0,b2 G*Cin=2560;b3 G*Cin=2560
32-64-64-64-64,5,29.536240,2953624,364.723200,16475,PW-DW-DW-PW-PW,979200/937156/475668/280800/280800,0,b2 G*Cin=2560;b3 G*Cin=2560
32-48-16-64-64-64,6,29.572880,2957288,302.054400,13659,PW-DW-DW-PW-PW-PW,979200/937156/356932/122400/280800/280800,0,b2 G*Cin=2560
32-64-48-32-64-64,6,29.644240,2964424,344.678400,15083,PW-DW-DW-PW-PW-PW,979200/937156/475668/126000/165600/280800,0,b2 G*Cin=2560;b3 G*Cin=2560
32-48-64-48-48-64,6,29.716880,2971688,326.246400,15339,PW-DW-DW-PW-PW-PW,979200/937156/356932/266400/208800/223200,0,b2 G*Cin=2560
32-64-32-48-48-64,6,29.752240,2975224,316.800000,13147,PW-DW-DW-PW-PW-PW,979200/937156/475668/151200/208800/223200,0,b2 G*Cin=2560;b3 G*Cin=2560
32-48-48-48-64-64,6,29.860880,2986088,329.932800,15595,PW-DW-DW-PW-PW-PW,979200/937156/356932/208800/223200/280800,0,b2 G*Cin=2560
32-48-48-64-48-64,6,29.860880,2986088,326.246400,15339,PW-DW-DW-PW-PW-PW,979200/937156/356932/223200/266400/223200,0,b2 G*Cin=2560
32-64-64-32-64-64,6,29.932240,2993224,368.870400,16763,PW-DW-DW-PW-PW-PW,979200/937156/475668/154800/165600/280800,0,b2 G*Cin=2560;b3 G*Cin=2560
32-64-64-64-32-64,6,29.932240,2993224,368.870400,16763,PW-DW-DW-PW-PW-PW,979200/937156/475668/280800/154800/165600,0,b2 G*Cin=2560;b3 G*Cin=2560
32-32-64-64-64-64,6,29.969520,2996952,339.379200,17787,PW-DW-DW-PW-PW-PW,979200/937156/238196/280800/280800/280800,0,b2 G*Cin=2560
32-64-16-48-64-64,6,29.986240,2998624,316.800000,13147,PW-DW-DW-PW-PW-PW,979200/937156/475668/102600/223200/280800,0,b2 G*Cin=2560;b3 G*Cin=2560
32-48-32-64-64-64,6,30.004880,3000488,329.932800,15595,PW-DW-DW-PW-PW-PW,979200/937156/356932/165600/280800/280800,0,b2 G*Cin=2560
32-64-16-64-48-64,6,30.040240,3004024,305.740800,12379,PW-DW-DW-PW-PW-PW,979200/937156/475668/122400/266400/223200,0,b2 G*Cin=2560;b3 G*Cin=2560
48-16-64,3,30.250120,3025012,125.337600,2539,PW-DW-PW,1497600/1405012/122400,0,b2 G*Cin=3840
32-64-48-48-48-64,6,30.328240,3032824,344.678400,15083,PW-DW-DW-PW-PW-PW,979200/937156/475668/208800/208800/223200,0,b2 G*Cin=2560;b3 G*Cin=2560
32-48-64-48-64-64,6,30.436880,3043688,354.124800,17275,PW-DW-DW-PW-PW-PW,979200/937156/356932/266400/223200/280800,0,b2 G*Cin=2560
32-48-64-64-48-64,6,30.436880,3043688,354.124800,17275,PW-DW-DW-PW-PW-PW,979200/937156/356932/280800/266400/223200,0,b2 G*Cin=2560
32-64-32-48-64-64,6,30.472240,3047224,344.678400,15083,PW-DW-DW-PW-PW-PW,979200/937156/475668/151200/223200/280800,0,b2 G*Cin=2560;b3 G*Cin=2560
32-64-32-64-48-64,6,30.472240,3047224,337.305600,14571,PW-DW-DW-PW-PW-PW,979200/937156/475668/165600/266400/223200,0,b2 G*Cin=2560;b3 G*Cin=2560
32-48-48-64-64-64,6,30.580880,3058088,357.811200,17531,PW-DW-DW-PW-PW-PW,979200/937156/356932/223200/280800/280800,0,b2 G*Cin=2560
32-64-16-64-64-64,6,30.760240,3076024,337.305600,14571,PW-DW-DW-PW-PW-PW,979200/937156/475668/122400/280800/280800,0,b2 G*Cin=2560;b3 G*Cin=2560
32-64-64-48-48-64,6,30.904240,3090424,372.556800,17019,PW-DW-DW-PW-PW-PW,979200/937156/475668/266400/208800/223200,0,b2 G*Cin=2560;b3 G*Cin=2560
32-64-48-48-64-64,6,31.048240,3104824,372.556800,17019,PW-DW-DW-PW-PW-PW,979200/937156/475668/208800/223200/280800,0,b2 G*Cin=2560;b3 G*Cin=2560
32-64-48-64-48-64,6,31.048240,3104824,368.870400,16763,PW-DW-DW-PW-PW-PW,979200/937156/475668/223200/266400/223200,0,b2 G*Cin=2560;b3 G*Cin=2560
32-48-64-64-64-64,6,31.156880,3115688,385.689600,19467,PW-DW-DW-PW-PW-PW,979200/937156/356932/280800/280800/280800,0,b2 G*Cin=2560
32-64-32-64-64-64,6,31.192240,3119224,368.870400,16763,PW-DW-DW-PW-PW-PW,979200/937156/475668/165600/280800/280800,0,b2 G*Cin=2560;b3 G*Cin=2560
48-32-64,3,31.408080,3140808,186.393600,4475,PW-DW-DW,1497600/1405012/238196,0,b2 G*Cin=3840
48-16-16-64,4,31.444720,3144472,131.097600,2939,PW-DW-DW-PW,1497600/1405012/119460/122400,0,b2 G*Cin=3840
32-64-64-48-64-64,6,31.624240,3162424,400.435200,18955,PW-DW-DW-PW-PW-PW,979200/937156/475668/266400/223200/280800,0,b2 G*Cin=2560;b3 G*Cin=2560
32-64-64-64-48-64,6,31.624240,3162424,400.435200,18955,PW-DW-DW-PW-PW-PW,979200/937156/475668/280800/266400/223200,0,b2 G*Cin=2560;b3 G*Cin=2560
32-64-48-64-64-64,6,31.768240,3176824,400.435200,18955,PW-DW-DW-PW-PW-PW,979200/937156/475668/223200/280800/280800,0,b2 G*Cin=2560;b3 G*Cin=2560
48-16-32-64,4,31.876720,3187672,151.603200,4363,PW-DW-DW-PW,1497600/1405012/119460/165600,0,b2 G*Cin=3840
48-16-16-16-64,5,31.984720,3198472,136.857600,3339,PW-DW-DW-PW-PW,1497600/1405012/119460/54000/122400,0,b2 G*Cin=3840
48-16-32-16-64,5,32.272720,3227272,146.304000,3995,PW-DW-DW-PW-PW,1497600/1405012/119460/82800/122400,0,b2 G*Cin=3840
32-64-64-64-64-64,6,32.344240,3234424,432.000000,21147,PW-DW-DW-PW-PW-PW,979200/937156/475668/280800/280800/280800,0,b2 G*Cin=2560;b3 G*Cin=2560
48-16-48-64,4,32.452720,3245272,172.108800,5787,PW-DW-DW-PW,1497600/1405012/119460/223200,0,b2 G*Cin=3840
48-16-16-16-16-64,6,32.524720,3252472,142.617600,3739,PW-DW-DW-PW-PW-PW,1497600/1405012/119460/54000/54000/122400,0,b2 G*Cin=3840
48-16-16-32-64,5,32.560720,3256072,157.363200,4763,PW-DW-DW-PW-PW,1497600/1405012/119460/68400/165600,0,b2 G*Cin=3840
48-16-48-16-64,5,32.560720,3256072,155.750400,4651,PW-DW-DW-PW-PW,1497600/1405012/119460/111600/122400,0,b2 G*Cin=3840
48-48-64,3,32.595440,3259544,247.449600,6411,PW-DW-DW,1497600/1405012/356932,0,b2 G*Cin=3840
48-32-16-64,4,32.632080,3263208,181.094400,4107,PW-DW-DW-PW,1497600/1405012/238196/122400,0,b2 G*Cin=3840
48-16-32-16-16-64,6,32.812720,3281272,152.064000,4395,PW-DW-DW-PW-PW-PW,1497600/1405012/119460/82800/54000/122400,0,b2 G*Cin=3840
48-16-32-32-64,5,32.848720,3284872,170.496000,5675,PW-DW-DW-PW-PW,1497600/1405012/119460/97200/165600,0,b2 G*Cin=3840
48-16-64-16-64,5,32.878120,3287812,165.196800,5307,PW-DW-PW-PW-PW,1497600/1405012/122400/140400/122400,0,b2 G*Cin=3840
48-16-16-32-16-64,6,32.956720,3295672,152.064000,4395,PW-DW-DW-PW-PW-PW,1497600/1405012/119460/68400/82800/122400,0,b2 G*Cin=3840
48-16-64-64,4,33.058120,3305812,192.614400,7211,PW-DW-PW-PW,1497600/1405012/122400/280800,0,b2 G*Cin=3840
48-32-32-64,4,33.064080,3306408,205.286400,5787,PW-DW-DW-PW,1497600/1405012/238196/165600,0,b2 G*Cin=3840
48-16-16-16-32-64,6,33.100720,3310072,163.123200,5163,PW-DW-DW-PW-PW-PW,1497600/1405012/119460/54000/68400/165600,0,b2 G*Cin=3840
48-16-48-16-16-64,6,33.100720,3310072,161.510400,5051,PW-DW-DW-PW-PW-PW,1497600/1405012/119460/111600/54000/122400,0,b2 G*Cin=3840
48-16-48-32-64,5,33.136720,3313672,183.628800,6587,PW-DW-DW-PW-PW,1497600/1405012/119460/126000/165600,0,b2 G*Cin=3840
48-32-16-16-64,5,33.172080,3317208,186.854400,4507,PW-DW-DW-PW-PW,1497600/1405012/238196/54000/122400,0,b2 G*Cin=3840
48-16-32-32-16-64,6,33.244720,3324472,165.196800,5307,PW-DW-DW-PW-PW-PW,1497600/1405012/119460/97200/82800/122400,0,b2 G*Cin=3840
48-16-32-16-32-64,6,33.388720,3338872,172.569600,5819,PW-DW-DW-PW-PW-PW,1497600/1405012/119460/82800/68400/165600,0,b2 G*Cin=3840
48-16-64-16-16-64,6,33.418120,3341812,170.956800,5707,PW-DW-PW-PW-PW-PW,1497600/1405012/122400/140400/54000/122400,0,b2 G*Cin=3840
48-16-64-32-64,5,33.454120,3345412,196.761600,7499,PW-DW-PW-PW-PW,1497600/1405012/122400/154800/165600,0,b2 G*Cin=3840
48-32-32-16-64,5,33.460080,3346008,199.987200,5419,PW-DW-DW-PW-PW,1497600/1405012/238196/82800/122400,0,b2 G*Cin=3840
48-16-16-48-64,5,33.478720,3347872,177.868800,6187,PW-DW-DW-PW-PW,1497600/1405012/119460/102600/223200,0,b2 G*Cin=3840
48-16-48-32-16-64,6,33.532720,3353272,178.329600,6219,PW-DW-DW-PW-PW-PW,1497600/1405012/119460/126000/82800/122400,0,b2 G*Cin=3840
48-16-16-32-32-64,6,33.532720,3353272,176.256000,6075,PW-DW-DW-PW-PW-PW,1497600/1405012/119460/68400/97200/165600,0,b2 G*Cin=3840
48-16-16-48-16-64,6,33.586720,3358672,161.510400,5051,PW-DW-DW-PW-PW-PW,1497600/1405012/119460/102600/111600/122400,0,b2 G*Cin=3840
48-32-48-64,4,33.640080,3364008,229.478400,7467,PW-DW-DW-PW,1497600/1405012/238196/223200,0,b2 G*Cin=3840
48-16-48-16-32-64,6,33.676720,3367672,182.016000,6475,PW-DW-DW-PW-PW-PW,1497600/1405012/119460/111600/68400/165600,0,b2 G*Cin=3840
48-32-16-16-16-64,6,33.712080,3371208,192.614400,4907,PW-DW-DW-PW-PW-PW,1497600/1405012/238196/54000/54000/122400,0,b2 G*Cin=3840
48-32-48-16-64,5,33.748080,3374808,213.120000,6331,PW-DW-DW-PW-PW,1497600/1405012/238196/111600/122400,0,b2 G*Cin=3840
48-32-16-32-64,5,33.748080,3374808,207.360000,5931,PW-DW-DW-PW-PW,1497600/1405012/238196/68400/165600,0,b2 G*Cin=3840
48-64-64,3,33.782800,3378280,308.505600,8347,PW-DW-DW,1497600/1405012/475668,0,b2 G*Cin=3840;b3 G*Cin=2560
48-48-16-64,4,33.819440,3381944,231.091200,5275,PW-DW-DW-PW,1497600/1405012/356932/122400,0,b2 G*Cin=3840
48-16-32-32-32-64,6,33.820720,3382072,189.388800,6987,PW-DW-DW-PW-PW-PW,1497600/1405012/119460/97200/97200/165600,0,b2 G*Cin=3840
48-16-64-32-16-64,6,33.850120,3385012,191.462400,7131,PW-DW-PW-PW-PW-PW,1497600/1405012/122400/154800/82800/122400,0,b2 G*Cin=3840
48-16-32-48-64,5,33.964720,3396472,194.688000,7355,PW-DW-DW-PW-PW,1497600/1405012/119460/151200/223200,0,b2 G*Cin=3840
48-16-64-16-32-64,6,33.994120,3399412,191.462400,7131,PW-DW-PW-PW-PW-PW,1497600/1405012/122400/140400/68400/165600,0,b2 G*Cin=3840
48-32-32-16-16-64,6,34.000080,3400008,205.747200,5819,PW-DW-DW-PW-PW-PW,1497600/1405012/238196/82800/54000/122400,0,b2 G*Cin=3840
48-16-16-16-48-64,6,34.018720,3401872,183.628800,6587,PW-DW-DW-PW-PW-PW,1497600/1405012/119460/54000/102600/223200,0,b2 G*Cin=3840
48-32-64-16-64,5,34.036080,3403608,226.252800,7243,PW-DW-DW-PW-PW,1497600/1405012/238196/140400/122400,0,b2 G*Cin=3840
48-32-32-32-64,5,34.036080,3403608,224.179200,7099,PW-DW-DW-PW-PW,1497600/1405012/238196/97200/165600,0,b2 G*Cin=3840
48-16-32-48-16-64,6,34.072720,3407272,178.329600,6219,PW-DW-DW-PW-PW-PW,1497600/1405012/119460/151200/111600/122400,0,b2 G*Cin=3840
48-16-16-64-16-64,6,34.072720,3407272,170.956800,5707,PW-DW-DW-PW-PW-PW,1497600/1405012/119460/122400/140400/122400,0,b2 G*Cin=3840
48-16-48-32-32-64,6,34.108720,3410872,202.521600,7899,PW-DW-DW-PW-PW-PW,1497600/1405012/119460/126000/97200/165600,0,b2 G*Cin=3840
48-32-16-32-16-64,6,34.144080,3414408,202.060800,5563,PW-DW-DW-PW-PW-PW,1497600/1405012/238196/68400/82800/122400,0,b2 G*Cin=3840
48-16-16-48-32-64,6,34.162720,3416272,189.388800,6987,PW-DW-DW-PW-PW-PW,1497600/1405012/119460/102600/126000/165600,0,b2 G*Cin=3840
48-32-64-64,4,34.216080,3421608,253.670400,9147,PW-DW-DW-PW,1497600/1405012/238196/280800,0,b2 G*Cin=3840
48-48-32-64,4,34.251440,3425144,258.969600,7211,PW-DW-DW-PW,1497600/1405012/356932/165600,0,b2 G*Cin=3840
48-16-16-64-64,5,34.252720,3425272,198.374400,7611,PW-DW-DW-PW-PW,1497600/1405012/119460/122400/280800,0,b2 G*Cin=3840
48-32-48-16-16-64,6,34.288080,3428808,218.880000,6731,PW-DW-DW-PW-PW-PW,1497600/1405012/238196/111600/54000/122400,0,b2 G*Cin=3840
48-32-16-16-32-64,6,34.288080,3428808,213.120000,6331,PW-DW-DW-PW-PW-PW,1497600/1405012/238196/54000/68400/165600,0,b2 G*Cin=3840
48-16-32-16-48-64,6,34.306720,3430672,193.075200,7243,PW-DW-DW-PW-PW-PW,1497600/1405012/119460/82800/102600/223200,0,b2 G*Cin=3840
48-32-48-32-64,5,34.324080,3432408,240.998400,8267,PW-DW-DW-PW-PW,1497600/1405012/238196/126000/165600,0,b2 G*Cin=3840
48-48-16-16-64,5,34.359440,3435944,236.851200,5675,PW-DW-DW-PW-PW,1497600/1405012/356932/54000/122400,0,b2 G*Cin=3840
48-16-64-32-32-64,6,34.426120,3442612,215.654400,8811,PW-DW-PW-PW-PW-PW,1497600/1405012/122400/154800/97200/165600,0,b2 G*Cin=3840
48-32-32-32-16-64,6,34.432080,3443208,218.880000,6731,PW-DW-DW-PW-PW-PW,1497600/1405012/238196/97200/82800/122400,0,b2 G*Cin=3840
48-16-32-64-16-64,6,34.504720,3450472,191.462400,7131,PW-DW-DW-PW-PW-PW,1497600/1405012/119460/165600/140400/122400,0,b2 G*Cin=3840
48-16-48-48-64,5,34.540720,3454072,211.507200,8523,PW-DW-DW-PW-PW,1497600/1405012/119460/208800/223200,0,b2 G*Cin=3840
48-32-64-16-16-64,6,34.576080,3457608,232.012800,7643,PW-DW-DW-PW-PW-PW,1497600/1405012/238196/140400/54000/122400,0,b2 G*Cin=3840
48-32-32-16-32-64,6,34.576080,3457608,226.252800,7243,PW-DW-DW-PW-PW-PW,1497600/1405012/238196/82800/68400/165600,0,b2 G*Cin=3840
48-16-48-16-48-64,6,34.594720,3459472,202.521600,7899,PW-DW-DW-PW-PW-PW,1497600/1405012/119460/111600/102600/223200,0,b2 G*Cin=3840
48-32-64-32-64,5,34.612080,3461208,257.817600,9435,PW-DW-DW-PW-PW,1497600/1405012/238196/154800/165600,0,b2 G*Cin=3840
48-48-32-16-64,5,34.647440,3464744,253.670400,6843,PW-DW-DW-PW-PW,1497600/1405012/356932/82800/122400,0,b2 G*Cin=3840
48-16-32-48-32-64,6,34.648720,3464872,206.208000,8155,PW-DW-DW-PW-PW-PW,1497600/1405012/119460/151200/126000/165600,0,b2 G*Cin=3840
48-16-16-64-32-64,6,34.648720,3464872,202.521600,7899,PW-DW-DW-PW-PW-PW,1497600/1405012/119460/122400/154800/165600,0,b2 G*Cin=3840
48-16-16-32-48-64,6,34.648720,3464872,200.448000,7755,PW-DW-DW-PW-PW-PW,1497600/1405012/119460/68400/151200/223200,0,b2 G*Cin=3840
48-16-48-48-16-64,6,34.648720,3464872,195.148800,7387,PW-DW-DW-PW-PW-PW,1497600/1405012/119460/208800/111600/122400,0,b2 G*Cin=3840
48-32-16-48-64,5,34.666080,3466608,227.865600,7355,PW-DW-DW-PW-PW,1497600/1405012/238196/102600/223200,0,b2 G*Cin=3840
48-16-32-64-64,5,34.684720,3468472,218.880000,9035,PW-DW-DW-PW-PW,1497600/1405012/119460/165600/280800,0,b2 G*Cin=3840
48-32-48-32-16-64,6,34.720080,3472008,235.699200,7899,PW-DW-DW-PW-PW-PW,1497600/1405012/238196/126000/82800/122400,0,b2 G*Cin=3840
48-32-16-32-32-64,6,34.720080,3472008,226.252800,7243,PW-DW-DW-PW-PW-PW,1497600/1405012/238196/68400/97200/165600,0,b2 G*Cin=3840
48-32-16-48-16-64,6,34.774080,3477408,211.507200,6219,PW-DW-DW-PW-PW-PW,1497600/1405012/238196/102600/111600/122400,0,b2 G*Cin=3840
48-16-16-16-64-64,6,34.792720,3479272,204.134400,8011,PW-DW-DW-PW-PW-PW,1497600/1405012/119460/54000/122400/280800,0,b2 G*Cin=3840
48-48-48-64,4,34.827440,3482744,286.848000,9147,PW-DW-DW-PW,1497600/1405012/356932/223200,0,b2 G*Cin=3840
48-32-48-16-32-64,6,34.864080,3486408,239.385600,8155,PW-DW-DW-PW-PW-PW,1497600/1405012/238196/111600/68400/165600,0,b2 G*Cin=3840
48-48-16-16-16-64,6,34.899440,3489944,242.611200,6075,PW-DW-DW-PW-PW-PW,1497600/1405012/356932/54000/54000/122400,0,b2 G*Cin=3840
48-16-64-16-48-64,6,34.912120,3491212,211.968000,8555,PW-DW-PW-PW-PW-PW,1497600/1405012/122400/140400/102600/223200,0,b2 G*Cin=3840
48-48-48-16-64,5,34.935440,3493544,270.489600,8011,PW-DW-DW-PW-PW,1497600/1405012/356932/111600/122400,0,b2 G*Cin=3840
48-48-16-32-64,5,34.935440,3493544,257.356800,7099,PW-DW-DW-PW-PW,1497600/1405012/356932/68400/165600,0,b2 G*Cin=3840
48-16-32-32-48-64,6,34.936720,3493672,213.580800,8667,PW-DW-DW-PW-PW-PW,1497600/1405012/119460/97200/151200/223200,0,b2 G*Cin=3840
48-64-16-64,4,35.006800,3500680,281.088000,6443,PW-DW-DW-PW,1497600/1405012/475668/122400,0,b2 G*Cin=3840;b3 G*Cin=2560
48-32-64-32-16-64,6,35.008080,3500808,252.518400,9067,PW-DW-DW-PW-PW-PW,1497600/1405012/238196/154800/82800/122400,0,b2 G*Cin=3840
48-32-32-32-32-64,6,35.008080,3500808,243.072000,8411,PW-DW-DW-PW-PW-PW,1497600/1405012/238196/97200/97200/165600,0,b2 G*Cin=3840
48-16-32-64-32-64,6,35.080720,3508072,223.027200,9323,PW-DW-DW-PW-PW-PW,1497600/1405012/119460/165600/154800/165600,0,b2 G*Cin=3840
48-16-32-16-64-64,6,35.080720,3508072,213.580800,8667,PW-DW-DW-PW-PW-PW,1497600/1405012/119460/82800/122400/280800,0,b2 G*Cin=3840
48-16-48-64-16-64,6,35.080720,3508072,211.968000,8555,PW-DW-DW-PW-PW-PW,1497600/1405012/119460/223200/140400/122400,0,b2 G*Cin=3840
48-16-64-48-64,5,35.146120,3514612,228.326400,9691,PW-DW-PW-PW-PW,1497600/1405012/122400/266400/223200,0,b2 G*Cin=3840
48-32-64-16-32-64,6,35.152080,3515208,252.518400,9067,PW-DW-DW-PW-PW-PW,1497600/1405012/238196/140400/68400/165600,0,b2 G*Cin=3840
48-32-32-48-64,5,35.152080,3515208,248.371200,8779,PW-DW-DW-PW-PW,1497600/1405012/238196/151200/223200,0,b2 G*Cin=3840
48-48-32-16-16-64,6,35.187440,3518744,259.430400,7243,PW-DW-DW-PW-PW-PW,1497600/1405012/356932/82800/54000/122400,0,b2 G*Cin=3840
48-32-16-16-48-64,6,35.206080,3520608,233.625600,7755,PW-DW-DW-PW-PW-PW,1497600/1405012/238196/54000/102600/223200,0,b2 G*Cin=3840
48-48-64-16-64,5,35.223440,3522344,287.308800,9179,PW-DW-DW-PW-PW,1497600/1405012/356932/140400/122400,0,b2 G*Cin=3840
48-48-32-32-64,5,35.223440,3522344,277.862400,8523,PW-DW-DW-PW-PW,1497600/1405012/356932/97200/165600,0,b2 G*Cin=3840
48-16-48-32-48-64,6,35.224720,3522472,226.713600,9579,PW-DW-DW-PW-PW-PW,1497600/1405012/119460/126000/151200/223200,0,b2 G*Cin=3840
48-16-48-48-32-64,6,35.224720,3522472,223.027200,9323,PW-DW-DW-PW-PW-PW,1497600/1405012/119460/208800/126000/165600,0,b2 G*Cin=3840
48-16-64-48-16-64,6,35.254120,3525412,211.968000,8555,PW-DW-PW-PW-PW-PW,1497600/1405012/122400/266400/111600/122400,0,b2 G*Cin=3840
48-32-32-48-16-64,6,35.260080,3526008,232.012800,7643,PW-DW-DW-PW-PW-PW,1497600/1405012/238196/151200/111600/122400,0,b2 G*Cin=3840
48-32-16-64-16-64,6,35.260080,3526008,220.953600,6875,PW-DW-DW-PW-PW-PW,1497600/1405012/238196/122400/140400/122400,0,b2 G*Cin=3840
48-16-48-64-64,5,35.260720,3526072,239.385600,10459,PW-DW-DW-PW-PW,1497600/1405012/119460/223200/280800,0,b2 G*Cin=3840
48-32-48-32-32-64,6,35.296080,3529608,259.891200,9579,PW-DW-DW-PW-PW-PW,1497600/1405012/238196/126000/97200/165600,0,b2 G*Cin=3840
48-48-16-32-16-64,6,35.331440,3533144,252.057600,6731,PW-DW-DW-PW-PW-PW,1497600/1405012/356932/68400/82800/122400,0,b2 G*Cin=3840
48-32-16-48-32-64,6,35.350080,3535008,239.385600,8155,PW-DW-DW-PW-PW-PW,1497600/1405012/238196/102600/126000/165600,0,b2 G*Cin=3840
48-16-16-32-64-64,6,35.368720,3536872,224.640000,9435,PW-DW-DW-PW-PW-PW,1497600/1405012/119460/68400/165600/280800,0,b2 G*Cin=3840
48-16-48-16-64-64,6,35.368720,3536872,223.027200,9323,PW-DW-DW-PW-PW-PW,1497600/1405012/119460/111600/122400/280800,0,b2 G*Cin=3840
48-48-64-64,4,35.403440,3540344,314.726400,11083,PW-DW-DW-PW,1497600/1405012/356932/280800,0,b2 G*Cin=3840
48-64-32-64,4,35.438800,3543880,312.652800,8635,PW-DW-DW-PW,1497600/1405012/475668/165600,0,b2 G*Cin=3840;b3 G*Cin=2560
48-32-16-64-64,5,35.440080,3544008,248.371200,8779,PW-DW-DW-PW-PW,1497600/1405012/238196/122400/280800,0,b2 G*Cin=3840
48-48-48-16-16-64,6,35.475440,3547544,276.249600,8411,PW-DW-DW-PW-PW-PW,1497600/1405012/356932/111600/54000/122400,0,b2 G*Cin=3840
48-48-16-16-32-64,6,35.475440,3547544,263.116800,7499,PW-DW-DW-PW-PW-PW,1497600/1405012/356932/54000/68400/165600,0,b2 G*Cin=3840
48-32-32-16-48-64,6,35.494080,3549408,246.758400,8667,PW-DW-DW-PW-PW-PW,1497600/1405012/238196/82800/102600/223200,0,b2 G*Cin=3840
48-48-48-32-64,5,35.511440,3551144,298.368000,9947,PW-DW-DW-PW-PW,1497600/1405012/356932/126000/165600,0,b2 G*Cin=3840
48-16-64-32-48-64,6,35.542120,3554212,239.846400,10491,PW-DW-PW-PW-PW-PW,1497600/1405012/122400/154800/151200/223200,0,b2 G*Cin=3840
48-64-16-16-64,5,35.546800,3554680,286.848000,6843,PW-DW-DW-PW-PW,1497600/1405012/475668/54000/122400,0,b2 G*Cin=3840;b3 G*Cin=2560
48-16-16-48-48-64,6,35.566720,3556672,217.267200,8923,PW-DW-DW-PW-PW-PW,1497600/1405012/119460/102600/208800/223200,0,b2 G*Cin=3840
48-32-64-32-32-64,6,35.584080,3558408,276.710400,10747,PW-DW-DW-PW-PW-PW,1497600/1405012/238196/154800/97200/165600,0,b2 G*Cin=3840
48-48-32-32-16-64,6,35.619440,3561944,272.563200,8155,PW-DW-DW-PW-PW-PW,1497600/1405012/356932/97200/82800/122400,0,b2 G*Cin=3840
48-16-48-64-32-64,6,35.656720,3565672,243.532800,10747,PW-DW-DW-PW-PW-PW,1497600/1405012/119460/223200/154800/165600,0,b2 G*Cin=3840
48-16-32-32-64-64,6,35.656720,3565672,237.772800,10347,PW-DW-DW-PW-PW-PW,1497600/1405012/119460/97200/165600/280800,0,b2 G*Cin=3840
48-16-64-16-64-64,6,35.686120,3568612,232.473600,9979,PW-DW-PW-PW-PW-PW,1497600/1405012/122400/140400/122400/280800,0,b2 G*Cin=3840
48-16-64-64-16-64,6,35.686120,3568612,232.473600,9979,PW-DW-PW-PW-PW-PW,1497600/1405012/122400/280800/140400/122400,0,b2 G*Cin=3840
48-32-32-64-16-64,6,35.692080,3569208,245.145600,8555,PW-DW-DW-PW-PW-PW,1497600/1405012/238196/165600/140400/122400,0,b2 G*Cin=3840
48-32-48-48-64,5,35.728080,3572808,268.876800,10203,PW-DW-DW-PW-PW,1497600/1405012/238196/208800/223200,0,b2 G*Cin=3840
48-48-64-16-16-64,6,35.763440,3576344,293.068800,9579,PW-DW-DW-PW-PW-PW,1497600/1405012/356932/140400/54000/122400,0,b2 G*Cin=3840
48-48-32-16-32-64,6,35.763440,3576344,279.936000,8667,PW-DW-DW-PW-PW-PW,1497600/1405012/356932/82800/68400/165600,0,b2 G*Cin=3840
48-32-48-16-48-64,6,35.782080,3578208,259.891200,9579,PW-DW-DW-PW-PW-PW,1497600/1405012/238196/111600/102600/223200,0,b2 G*Cin=3840
48-48-64-32-64,5,35.799440,3579944,318.873600,11371,PW-DW-DW-PW-PW,1497600/1405012/356932/154800/165600,0,b2 G*Cin=3840
48-16-64-48-32-64,6,35.830120,3583012,239.846400,10491,PW-DW-PW-PW-PW-PW,1497600/1405012/122400/266400/126000/165600,0,b2 G*Cin=3840
48-64-32-16-64,5,35.834800,3583480,307.353600,8267,PW-DW-DW-PW-PW,1497600/1405012/475668/82800/122400,0,b2 G*Cin=3840;b3 G*Cin=2560
48-32-32-48-32-64,6,35.836080,3583608,259.891200,9579,PW-DW-DW-PW-PW-PW,1497600/1405012/238196/151200/126000/165600,0,b2 G*Cin=3840
48-32-16-64-32-64,6,35.836080,3583608,252.518400,9067,PW-DW-DW-PW-PW-PW,1497600/1405012/238196/122400/154800/165600,0,b2 G*Cin=3840
48-32-48-48-16-64,6,35.836080,3583608,252.518400,9067,PW-DW-DW-PW-PW-PW,1497600/1405012/238196/208800/111600/122400,0,b2 G*Cin=3840
48-32-16-32-48-64,6,35.836080,3583608,250.444800,8923,PW-DW-DW-PW-PW-PW,1497600/1405012/238196/68400/151200/223200,0,b2 G*Cin=3840
48-48-16-48-64,5,35.853440,3585344,277.862400,8523,PW-DW-DW-PW-PW,1497600/1405012/356932/102600/223200,0,b2 G*Cin=3840
48-16-64-64-64,5,35.866120,3586612,259.891200,11883,PW-DW-PW-PW-PW,1497600/1405012/122400/280800/280800,0,b2 G*Cin=3840
48-32-32-64-64,5,35.872080,3587208,272.563200,10459,PW-DW-DW-PW-PW,1497600/1405012/238196/165600/280800,0,b2 G*Cin=3840
48-48-48-32-16-64,6,35.907440,3590744,293.068800,9579,PW-DW-DW-PW-PW-PW,1497600/1405012/356932/126000/82800/122400,0,b2 G*Cin=3840
48-48-16-32-32-64,6,35.907440,3590744,276.249600,8411,PW-DW-DW-PW-PW-PW,1497600/1405012/356932/68400/97200/165600,0,b2 G*Cin=3840
48-16-48-32-64-64,6,35.944720,3594472,250.905600,11259,PW-DW-DW-PW-PW-PW,1497600/1405012/119460/126000/165600/280800,0,b2 G*Cin=3840
48-48-16-48-16-64,6,35.961440,3596144,261.504000,7387,PW-DW-DW-PW-PW-PW,1497600/1405012/356932/102600/111600/122400,0,b2 G*Cin=3840
48-32-16-16-64-64,6,35.980080,3598008,254.131200,9179,PW-DW-DW-PW-PW-PW,1497600/1405012/238196/54000/122400/280800,0,b2 G*Cin=3840
48-64-48-64,4,36.014800,3601480,344.217600,10827,PW-DW-DW-PW,1497600/1405012/475668/223200,0,b2 G*Cin=3840;b3 G*Cin=2560
48-48-48-16-32-64,6,36.051440,3605144,296.755200,9835,PW-DW-DW-PW-PW-PW,1497600/1405012/356932/111600/68400/165600,0,b2 G*Cin=3840
48-16-32-48-48-64,6,36.052720,3605272,234.086400,10091,PW-DW-DW-PW-PW-PW,1497600/1405012/119460/151200/208800/223200,0,b2 G*Cin=3840
48-32-64-16-48-64,6,36.070080,3607008,273.024000,10491,PW-DW-DW-PW-PW-PW,1497600/1405012/238196/140400/102600/223200,0,b2 G*Cin=3840
48-64-16-16-16-64,6,36.086800,3608680,292.608000,7243,PW-DW-DW-PW-PW-PW,1497600/1405012/475668/54000/54000/122400,0,b2 G*Cin=3840;b3 G*Cin=2560
48-64-48-16-64,5,36.122800,3612280,327.859200,9691,PW-DW-DW-PW-PW,1497600/1405012/475668/111600/122400,0,b2 G*Cin=3840;b3 G*Cin=2560
48-64-16-32-64,5,36.122800,3612280,307.353600,8267,PW-DW-DW-PW-PW,1497600/1405012/475668/68400/165600,0,b2 G*Cin=3840;b3 G*Cin=2560
48-32-32-32-48-64,6,36.124080,3612408,267.264000,10091,PW-DW-DW-PW-PW-PW,1497600/1405012/238196/97200/151200/223200,0,b2 G*Cin=3840
48-48-64-32-16-64,6,36.195440,3619544,313.574400,11003,PW-DW-DW-PW-PW-PW,1497600/1405012/356932/154800/82800/122400,0,b2 G*Cin=3840
48-48-32-32-32-64,6,36.195440,3619544,296.755200,9835,PW-DW-DW-PW-PW-PW,1497600/1405012/356932/97200/97200/165600,0,b2 G*Cin=3840
48-16-64-32-64-64,6,36.262120,3626212,264.038400,12171,PW-DW-PW-PW-PW-PW,1497600/1405012/122400/154800/165600/280800,0,b2 G*Cin=3840
48-16-64-64-32-64,6,36.262120,3626212,264.038400,12171,PW-DW-PW-PW-PW-PW,1497600/1405012/122400/280800/154800/165600,0,b2 G*Cin=3840
48-32-32-64-32-64,6,36.268080,3626808,276.710400,10747,PW-DW-DW-PW-PW-PW,1497600/1405012/238196/165600/154800/165600,0,b2 G*Cin=3840
48-32-48-64-16-64,6,36.268080,3626808,269.337600,10235,PW-DW-DW-PW-PW-PW,1497600/1405012/238196/223200/140400/122400,0,b2 G*Cin=3840
48-32-32-16-64-64,6,36.268080,3626808,267.264000,10091,PW-DW-DW-PW-PW-PW,1497600/1405012/238196/82800/122400/280800,0,b2 G*Cin=3840
48-16-16-48-64-64,6,36.286720,3628672,245.145600,10859,PW-DW-DW-PW-PW-PW,1497600/1405012/119460/102600/223200/280800,0,b2 G*Cin=3840
48-32-64-48-64,5,36.304080,3630408,289.382400,11627,PW-DW-DW-PW-PW,1497600/1405012/238196/266400/223200,0,b2 G*Cin=3840
48-48-64-16-32-64,6,36.339440,3633944,313.574400,11003,PW-DW-DW-PW-PW-PW,1497600/1405012/356932/140400/68400/165600,0,b2 G*Cin=3840
48-48-32-48-64,5,36.339440,3633944,302.054400,10203,PW-DW-DW-PW-PW,1497600/1405012/356932/151200/223200,0,b2 G*Cin=3840
48-16-16-64-48-64,6,36.340720,3634072,234.086400,10091,PW-DW-DW-PW-PW-PW,1497600/1405012/119460/122400/266400/223200,0,b2 G*Cin=3840
48-64-32-16-16-64,6,36.374800,3637480,313.113600,8667,PW-DW-DW-PW-PW-PW,1497600/1405012/475668/82800/54000/122400,0,b2 G*Cin=3840;b3 G*Cin=2560
48-48-16-16-48-64,6,36.393440,3639344,283.622400,8923,PW-DW-DW-PW-PW-PW,1497600/1405012/356932/54000/102600/223200,0,b2 G*Cin=3840
48-64-64-16-64,5,36.410800,3641080,348.364800,11115,PW-DW-DW-PW-PW,1497600/1405012/475668/140400/122400,0,b2 G*Cin=3840;b3 G*Cin=2560
48-64-32-32-64,5,36.410800,3641080,331.545600,9947,PW-DW-DW-PW-PW,1497600/1405012/475668/97200/165600,0,b2 G*Cin=3840;b3 G*Cin=2560
48-32-48-32-48-64,6,36.412080,3641208,284.083200,11259,PW-DW-DW-PW-PW-PW,1497600/1405012/238196/126000/151200/223200,0,b2 G*Cin=3840
48-32-48-48-32-64,6,36.412080,3641208,280.396800,11003,PW-DW-DW-PW-PW-PW,1497600/1405012/238196/208800/126000/165600,0,b2 G*Cin=3840
48-32-64-48-16-64,6,36.412080,3641208,273.024000,10491,PW-DW-DW-PW-PW-PW,1497600/1405012/238196/266400/111600/122400,0,b2 G*Cin=3840
48-48-32-48-16-64,6,36.447440,3644744,285.696000,9067,PW-DW-DW-PW-PW-PW,1497600/1405012/356932/151200/111600/122400,0,b2 G*Cin=3840
48-48-16-64-16-64,6,36.447440,3644744,270.950400,8043,PW-DW-DW-PW-PW-PW,1497600/1405012/356932/122400/140400/122400,0,b2 G*Cin=3840
48-32-48-64-64,5,36.448080,3644808,296.755200,12139,PW-DW-DW-PW-PW,1497600/1405012/238196/223200/280800,0,b2 G*Cin=3840
48-48-48-32-32-64,6,36.483440,3648344,317.260800,11259,PW-DW-DW-PW-PW-PW,1497600/1405012/356932/126000/97200/165600,0,b2 G*Cin=3840
48-64-16-32-16-64,6,36.518800,3651880,302.054400,7899,PW-DW-DW-PW-PW-PW,1497600/1405012/475668/68400/82800/122400,0,b2 G*Cin=3840;b3 G*Cin=2560
48-48-16-48-32-64,6,36.537440,3653744,289.382400,9323,PW-DW-DW-PW-PW-PW,1497600/1405012/356932/102600/126000/165600,0,b2 G*Cin=3840
48-32-48-16-64-64,6,36.556080,3655608,280.396800,11003,PW-DW-DW-PW-PW-PW,1497600/1405012/238196/111600/122400/280800,0,b2 G*Cin=3840
48-32-16-32-64-64,6,36.556080,3655608,274.636800,10603,PW-DW-DW-PW-PW-PW,1497600/1405012/238196/68400/165600/280800,0,b2 G*Cin=3840
48-64-64-64,4,36.590800,3659080,375.782400,13019,PW-DW-DW-PW,1497600/1405012/475668/280800,0,b2 G*Cin=3840;b3 G*Cin=2560
48-48-16-64-64,5,36.627440,3662744,298.368000,9947,PW-DW-DW-PW-PW,1497600/1405012/356932/122400/280800,0,b2 G*Cin=3840
48-16-48-48-48-64,6,36.628720,3662872,250.905600,11259,PW-DW-DW-PW-PW-PW,1497600/1405012/119460/208800/208800/223200,0,b2 G*Cin=3840
48-64-48-16-16-64,6,36.662800,3666280,333.619200,10091,PW-DW-DW-PW-PW-PW,1497600/1405012/475668/111600/54000/122400,0,b2 G*Cin=3840;b3 G*Cin=2560
48-64-16-16-32-64,6,36.662800,3666280,313.113600,8667,PW-DW-DW-PW-PW-PW,1497600/1405012/475668/54000/68400/165600,0,b2 G*Cin=3840;b3 G*Cin=2560
48-48-32-16-48-64,6,36.681440,3668144,300.441600,10091,PW-DW-DW-PW-PW-PW,1497600/1405012/356932/82800/102600/223200,0,b2 G*Cin=3840
48-64-48-32-64,5,36.698800,3669880,355.737600,11627,PW-DW-DW-PW-PW,1497600/1405012/475668/126000/165600,0,b2 G*Cin=3840;b3 G*Cin=2560
48-32-64-32-48-64,6,36.700080,3670008,300.902400,12427,PW-DW-DW-PW-PW-PW,1497600/1405012/238196/154800/151200/223200,0,b2 G*Cin=3840
48-32-16-48-48-64,6,36.754080,3675408,267.264000,10091,PW-DW-DW-PW-PW-PW,1497600/1405012/238196/102600/208800/223200,0,b2 G*Cin=3840
48-48-64-32-32-64,6,36.771440,3677144,337.766400,12683,PW-DW-DW-PW-PW-PW,1497600/1405012/356932/154800/97200/165600,0,b2 G*Cin=3840
48-16-32-48-64-64,6,36.772720,3677272,261.964800,12027,PW-DW-DW-PW-PW-PW,1497600/1405012/119460/151200/223200/280800,0,b2 G*Cin=3840
48-16-32-64-48-64,6,36.772720,3677272,254.592000,11515,PW-DW-DW-PW-PW-PW,1497600/1405012/119460/165600/266400/223200,0,b2 G*Cin=3840
48-64-32-32-16-64,6,36.806800,3680680,326.246400,9579,PW-DW-DW-PW-PW-PW,1497600/1405012/475668/97200/82800/122400,0,b2 G*Cin=3840;b3 G*Cin=2560
48-32-48-64-32-64,6,36.844080,3684408,300.902400,12427,PW-DW-DW-PW-PW-PW,1497600/1405012/238196/223200/154800/165600,0,b2 G*Cin=3840
48-32-64-16-64-64,6,36.844080,3684408,293.529600,11915,PW-DW-DW-PW-PW-PW,1497600/1405012/238196/140400/122400/280800,0,b2 G*Cin=3840
48-32-64-64-16-64,6,36.844080,3684408,293.529600,11915,PW-DW-DW-PW-PW-PW,1497600/1405012/238196/280800/140400/122400,0,b2 G*Cin=3840
48-32-32-32-64-64,6,36.844080,3684408,291.456000,11771,PW-DW-DW-PW-PW-PW,1497600/1405012/238196/97200/165600/280800,0,b2 G*Cin=3840
48-48-32-64-16-64,6,36.879440,3687944,298.828800,9979,PW-DW-DW-PW-PW-PW,1497600/1405012/356932/165600/140400/122400,0,b2 G*Cin=3840
48-48-48-48-64,5,36.915440,3691544,326.246400,11883,PW-DW-DW-PW-PW,1497600/1405012/356932/208800/223200,0,b2 G*Cin=3840
48-64-64-16-16-64,6,36.950800,3695080,354.124800,11515,PW-DW-DW-PW-PW-PW,1497600/1405012/475668/140400/54000/122400,0,b2 G*Cin=3840;b3 G*Cin=2560
48-64-32-16-32-64,6,36.950800,3695080,333.619200,10091,PW-DW-DW-PW-PW-PW,1497600/1405012/475668/82800/68400/165600,0,b2 G*Cin=3840;b3 G*Cin=2560
48-48-48-16-48-64,6,36.969440,3696944,317.260800,11259,PW-DW-DW-PW-PW-PW,1497600/1405012/356932/111600/102600/223200,0,b2 G*Cin=3840
48-64-64-32-64,5,36.986800,3698680,379.929600,13307,PW-DW-DW-PW-PW,1497600/1405012/475668/154800/165600,0,b2 G*Cin=3840;b3 G*Cin=2560
48-32-64-48-32-64,6,36.988080,3698808,300.902400,12427,PW-DW-DW-PW-PW-PW,1497600/1405012/238196/266400/126000/165600,0,b2 G*Cin=3840
48-48-32-48-32-64,6,37.023440,3702344,313.574400,11003,PW-DW-DW-PW-PW-PW,1497600/1405012/356932/151200/126000/165600,0,b2 G*Cin=3840
48-48-48-48-16-64,6,37.023440,3702344,309.888000,10747,PW-DW-DW-PW-PW-PW,1497600/1405012/356932/208800/111600/122400,0,b2 G*Cin=3840
48-48-16-64-32-64,6,37.023440,3702344,302.515200,10235,PW-DW-DW-PW-PW-PW,1497600/1405012/356932/122400/154800/165600,0,b2 G*Cin=3840
48-48-16-32-48-64,6,37.023440,3702344,300.441600,10091,PW-DW-DW-PW-PW-PW,1497600/1405012/356932/68400/151200/223200,0,b2 G*Cin=3840
48-32-64-64-64,5,37.024080,3702408,320.947200,13819,PW-DW-DW-PW-PW,1497600/1405012/238196/280800/280800,0,b2 G*Cin=3840
48-64-16-48-64,5,37.040800,3704080,327.859200,9691,PW-DW-DW-PW-PW,1497600/1405012/475668/102600/223200,0,b2 G*Cin=3840;b3 G*Cin=2560
48-48-32-64-64,5,37.059440,3705944,326.246400,11883,PW-DW-DW-PW-PW,1497600/1405012/356932/165600/280800,0,b2 G*Cin=3840
48-16-16-64-64-64,6,37.060720,3706072,265.651200,12283,PW-DW-DW-PW-PW-PW,1497600/1405012/119460/122400/280800/280800,0,b2 G*Cin=3840
48-64-48-32-16-64,6,37.094800,3709480,350.438400,11259,PW-DW-DW-PW-PW-PW,1497600/1405012/475668/126000/82800/122400,0,b2 G*Cin=3840;b3 G*Cin=2560
48-64-16-32-32-64,6,37.094800,3709480,326.246400,9579,PW-DW-DW-PW-PW-PW,1497600/1405012/475668/68400/97200/165600,0,b2 G*Cin=3840;b3 G*Cin=2560
48-32-48-32-64-64,6,37.132080,3713208,308.275200,12939,PW-DW-DW-PW-PW-PW,1497600/1405012/238196/126000/165600/280800,0,b2 G*Cin=3840
48-64-16-48-16-64,6,37.148800,3714880,311.500800,8555,PW-DW-DW-PW-PW-PW,1497600/1405012/475668/102600/111600/122400,0,b2 G*Cin=3840;b3 G*Cin=2560
48-48-16-16-64-64,6,37.167440,3716744,304.128000,10347,PW-DW-DW-PW-PW-PW,1497600/1405012/356932/54000/122400/280800,0,b2 G*Cin=3840
48-16-64-48-48-64,6,37.234120,3723412,267.724800,12427,PW-DW-PW-PW-PW-PW,1497600/1405012/122400/266400/208800/223200,0,b2 G*Cin=3840
48-64-48-16-32-64,6,37.238800,3723880,354.124800,11515,PW-DW-DW-PW-PW-PW,1497600/1405012/475668/111600/68400/165600,0,b2 G*Cin=3840;b3 G*Cin=2560
48-32-32-48-48-64,6,37.240080,3724008,287.769600,11515,PW-DW-DW-PW-PW-PW,1497600/1405012/238196/151200/208800/223200,0,b2 G*Cin=3840
48-48-64-16-48-64,6,37.257440,3725744,334.080000,12427,PW-DW-DW-PW-PW-PW,1497600/1405012/356932/140400/102600/223200,0,b2 G*Cin=3840
48-48-32-32-48-64,6,37.311440,3731144,320.947200,11515,PW-DW-DW-PW-PW-PW,1497600/1405012/356932/97200/151200/223200,0,b2 G*Cin=3840
48-16-48-48-64-64,6,37.348720,3734872,278.784000,13195,PW-DW-DW-PW-PW-PW,1497600/1405012/119460/208800/223200/280800,0,b2 G*Cin=3840
48-16-48-64-48-64,6,37.348720,3734872,275.097600,12939,PW-DW-DW-PW-PW-PW,1497600/1405012/119460/223200/266400/223200,0,b2 G*Cin=3840
48-64-64-32-16-64,6,37.382800,3738280,374.630400,12939,PW-DW-DW-PW-PW-PW,1497600/1405012/475668/154800/82800/122400,0,b2 G*Cin=3840;b3 G*Cin=2560
48-64-32-32-32-64,6,37.382800,3738280,350.438400,11259,PW-DW-DW-PW-PW-PW,1497600/1405012/475668/97200/97200/165600,0,b2 G*Cin=3840;b3 G*Cin=2560
48-32-64-32-64-64,6,37.420080,3742008,325.094400,14107,PW-DW-DW-PW-PW-PW,1497600/1405012/238196/154800/165600/280800,0,b2 G*Cin=3840
48-32-64-64-32-64,6,37.420080,3742008,325.094400,14107,PW-DW-DW-PW-PW-PW,1497600/1405012/238196/280800/154800/165600,0,b2 G*Cin=3840
48-48-32-64-32-64,6,37.455440,3745544,330.393600,12171,PW-DW-DW-PW-PW-PW,1497600/1405012/356932/165600/154800/165600,0,b2 G*Cin=3840
48-48-48-64-16-64,6,37.455440,3745544,326.707200,11915,PW-DW-DW-PW-PW-PW,1497600/1405012/356932/223200/140400/122400,0,b2 G*Cin=3840
48-48-32-16-64-64,6,37.455440,3745544,320.947200,11515,PW-DW-DW-PW-PW-PW,1497600/1405012/356932/82800/122400/280800,0,b2 G*Cin=3840
48-32-16-48-64-64,6,37.474080,3747408,295.142400,12027,PW-DW-DW-PW-PW-PW,1497600/1405012/238196/102600/223200/280800,0,b2 G*Cin=3840
48-48-64-48-64,5,37.491440,3749144,350.438400,13563,PW-DW-DW-PW-PW,1497600/1405012/356932/266400/223200,0,b2 G*Cin=3840
48-16-32-64-64-64,6,37.492720,3749272,286.156800,13707,PW-DW-DW-PW-PW-PW,1497600/1405012/119460/165600/280800/280800,0,b2 G*Cin=3840
48-64-64-16-32-64,6,37.526800,3752680,374.630400,12939,PW-DW-DW-PW-PW-PW,1497600/1405012/475668/140400/68400/165600,0,b2 G*Cin=3840;b3 G*Cin=2560
48-64-32-48-64,5,37.526800,3752680,355.737600,11627,PW-DW-DW-PW-PW,1497600/1405012/475668/151200/223200,0,b2 G*Cin=3840;b3 G*Cin=2560
48-32-16-64-48-64,6,37.528080,3752808,284.083200,11259,PW-DW-DW-PW-PW-PW,1497600/1405012/238196/122400/266400/223200,0,b2 G*Cin=3840
48-64-16-16-48-64,6,37.580800,3758080,333.619200,10091,PW-DW-DW-PW-PW-PW,1497600/1405012/475668/54000/102600/223200,0,b2 G*Cin=3840;b3 G*Cin=2560
48-48-48-32-48-64,6,37.599440,3759944,341.452800,12939,PW-DW-DW-PW-PW-PW,1497600/1405012/356932/126000/151200/223200,0,b2 G*Cin=3840
48-48-48-48-32-64,6,37.599440,3759944,337.766400,12683,PW-DW-DW-PW-PW-PW,1497600/1405012/356932/208800/126000/165600,0,b2 G*Cin=3840
48-48-64-48-16-64,6,37.599440,3759944,334.080000,12427,PW-DW-DW-PW-PW-PW,1497600/1405012/356932/266400/111600/122400,0,b2 G*Cin=3840
48-64-32-48-16-64,6,37.634800,3763480,339.379200,10491,PW-DW-DW-PW-PW-PW,1497600/1405012/475668/151200/111600/122400,0,b2 G*Cin=3840;b3 G*Cin=2560
48-64-16-64-16-64,6,37.634800,3763480,320.947200,9211,PW-DW-DW-PW-PW-PW,1497600/1405012/475668/122400/140400/122400,0,b2 G*Cin=3840;b3 G*Cin=2560
48-48-48-64-64,5,37.635440,3763544,354.124800,13819,PW-DW-DW-PW-PW,1497600/1405012/356932/223200/280800,0,b2 G*Cin=3840
48-64-48-32-32-64,6,37.670800,3767080,374.630400,12939,PW-DW-DW-PW-PW-PW,1497600/1405012/475668/126000/97200/165600,0,b2 G*Cin=3840;b3 G*Cin=2560
48-64-16-48-32-64,6,37.724800,3772480,339.379200,10491,PW-DW-DW-PW-PW-PW,1497600/1405012/475668/102600/126000/165600,0,b2 G*Cin=3840;b3 G*Cin=2560
48-48-48-16-64-64,6,37.743440,3774344,337.766400,12683,PW-DW-DW-PW-PW-PW,1497600/1405012/356932/111600/122400/280800,0,b2 G*Cin=3840
48-48-16-32-64-64,6,37.743440,3774344,324.633600,11771,PW-DW-DW-PW-PW-PW,1497600/1405012/356932/68400/165600/280800,0,b2 G*Cin=3840
48-64-16-64-64,5,37.814800,3781480,348.364800,11115,PW-DW-DW-PW-PW,1497600/1405012/475668/122400/280800,0,b2 G*Cin=3840;b3 G*Cin=2560
48-32-48-48-48-64,6,37.816080,3781608,308.275200,12939,PW-DW-DW-PW-PW-PW,1497600/1405012/238196/208800/208800/223200,0,b2 G*Cin=3840
48-64-32-16-48-64,6,37.868800,3786880,354.124800,11515,PW-DW-DW-PW-PW-PW,1497600/1405012/475668/82800/102600/223200,0,b2 G*Cin=3840;b3 G*Cin=2560
48-48-64-32-48-64,6,37.887440,3788744,361.958400,14363,PW-DW-DW-PW-PW-PW,1497600/1405012/356932/154800/151200/223200,0,b2 G*Cin=3840
48-48-16-48-48-64,6,37.941440,3794144,317.260800,11259,PW-DW-DW-PW-PW-PW,1497600/1405012/356932/102600/208800/223200,0,b2 G*Cin=3840
48-16-64-48-64-64,6,37.954120,3795412,295.603200,14363,PW-DW-PW-PW-PW-PW,1497600/1405012/122400/266400/223200/280800,0,b2 G*Cin=3840
48-16-64-64-48-64,6,37.954120,3795412,295.603200,14363,PW-DW-PW-PW-PW-PW,1497600/1405012/122400/280800/266400/223200,0,b2 G*Cin=3840
48-64-64-32-32-64,6,37.958800,3795880,398.822400,14619,PW-DW-DW-PW-PW-PW,1497600/1405012/475668/154800/97200/165600,0,b2 G*Cin=3840;b3 G*Cin=2560
48-32-32-48-64-64,6,37.960080,3796008,315.648000,13451,PW-DW-DW-PW-PW-PW,1497600/1405012/238196/151200/223200/280800,0,b2 G*Cin=3840
48-32-32-64-48-64,6,37.960080,3796008,308.275200,12939,PW-DW-DW-PW-PW-PW,1497600/1405012/238196/165600/266400/223200,0,b2 G*Cin=3840
48-48-48-64-32-64,6,38.031440,3803144,358.272000,14107,PW-DW-DW-PW-PW-PW,1497600/1405012/356932/223200/154800/165600,0,b2 G*Cin=3840
48-48-64-16-64-64,6,38.031440,3803144,354.585600,13851,PW-DW-DW-PW-PW-PW,1497600/1405012/356932/140400/122400/280800,0,b2 G*Cin=3840
48-48-64-64-16-64,6,38.031440,3803144,354.585600,13851,PW-DW-DW-PW-PW-PW,1497600/1405012/356932/280800/140400/122400,0,b2 G*Cin=3840
48-48-32-32-64-64,6,38.031440,3803144,345.139200,13195,PW-DW-DW-PW-PW-PW,1497600/1405012/356932/97200/165600/280800,0,b2 G*Cin=3840
48-64-32-64-16-64,6,38.066800,3806680,352.512000,11403,PW-DW-DW-PW-PW-PW,1497600/1405012/475668/165600/140400/122400,0,b2 G*Cin=3840;b3 G*Cin=2560
48-16-48-64-64-64,6,38.068720,3806872,306.662400,15131,PW-DW-DW-PW-PW-PW,1497600/1405012/119460/223200/280800/280800,0,b2 G*Cin=3840
48-64-48-48-64,5,38.102800,3810280,383.616000,13563,PW-DW-DW-PW-PW,1497600/1405012/475668/208800/223200,0,b2 G*Cin=3840;b3 G*Cin=2560
48-64-48-16-48-64,6,38.156800,3815680,374.630400,12939,PW-DW-DW-PW-PW-PW,1497600/1405012/475668/111600/102600/223200,0,b2 G*Cin=3840;b3 G*Cin=2560
48-48-64-48-32-64,6,38.175440,3817544,361.958400,14363,PW-DW-DW-PW-PW-PW,1497600/1405012/356932/266400/126000/165600,0,b2 G*Cin=3840
48-64-32-48-32-64,6,38.210800,3821080,367.257600,12427,PW-DW-DW-PW-PW-PW,1497600/1405012/475668/151200/126000/165600,0,b2 G*Cin=3840;b3 G*Cin=2560
48-64-48-48-16-64,6,38.210800,3821080,367.257600,12427,PW-DW-DW-PW-PW-PW,1497600/1405012/475668/208800/111600/122400,0,b2 G*Cin=3840;b3 G*Cin=2560
48-64-16-64-32-64,6,38.210800,3821080,352.512000,11403,PW-DW-DW-PW-PW-PW,1497600/1405012/475668/122400/154800/165600,0,b2 G*Cin=3840;b3 G*Cin=2560
48-64-16-32-48-64,6,38.210800,3821080,350.438400,11259,PW-DW-DW-PW-PW-PW,1497600/1405012/475668/68400/151200/223200,0,b2 G*Cin=3840;b3 G*Cin=2560
48-48-64-64-64,5,38.211440,3821144,382.003200,15755,PW-DW-DW-PW-PW,1497600/1405012/356932/280800/280800,0,b2 G*Cin=3840
48-64-32-64-64,5,38.246800,3824680,379.929600,13307,PW-DW-DW-PW-PW,1497600/1405012/475668/165600/280800,0,b2 G*Cin=3840;b3 G*Cin=2560
48-32-16-64-64-64,6,38.248080,3824808,315.648000,13451,PW-DW-DW-PW-PW-PW,1497600/1405012/238196/122400/280800/280800,0,b2 G*Cin=3840
48-48-48-32-64-64,6,38.319440,3831944,365.644800,14619,PW-DW-DW-PW-PW-PW,1497600/1405012/356932/126000/165600/280800,0,b2 G*Cin=3840
48-64-16-16-64-64,6,38.354800,3835480,354.124800,11515,PW-DW-DW-PW-PW-PW,1497600/1405012/475668/54000/122400/280800,0,b2 G*Cin=3840;b3 G*Cin=2560
48-32-64-48-48-64,6,38.392080,3839208,328.780800,14363,PW-DW-DW-PW-PW-PW,1497600/1405012/238196/266400/208800/223200,0,b2 G*Cin=3840
48-48-32-48-48-64,6,38.427440,3842744,341.452800,12939,PW-DW-DW-PW-PW-PW,1497600/1405012/356932/151200/208800/223200,0,b2 G*Cin=3840
48-64-64-16-48-64,6,38.444800,3844480,395.136000,14363,PW-DW-DW-PW-PW-PW,1497600/1405012/475668/140400/102600/223200,0,b2 G*Cin=3840;b3 G*Cin=2560
48-64-32-32-48-64,6,38.498800,3849880,374.630400,12939,PW-DW-DW-PW-PW-PW,1497600/1405012/475668/97200/151200/223200,0,b2 G*Cin=3840;b3 G*Cin=2560
48-32-48-48-64-64,6,38.536080,3853608,336.153600,14875,PW-DW-DW-PW-PW-PW,1497600/1405012/238196/208800/223200/280800,0,b2 G*Cin=3840
48-32-48-64-48-64,6,38.536080,3853608,332.467200,14619,PW-DW-DW-PW-PW-PW,1497600/1405012/238196/223200/266400/223200,0,b2 G*Cin=3840
48-48-64-32-64-64,6,38.607440,3860744,386.150400,16043,PW-DW-DW-PW-PW-PW,1497600/1405012/356932/154800/165600/280800,0,b2 G*Cin=3840
48-48-64-64-32-64,6,38.607440,3860744,386.150400,16043,PW-DW-DW-PW-PW-PW,1497600/1405012/356932/280800/154800/165600,0,b2 G*Cin=3840
48-64-32-64-32-64,6,38.642800,3864280,384.076800,13595,PW-DW-DW-PW-PW-PW,1497600/1405012/475668/165600/154800/165600,0,b2 G*Cin=3840;b3 G*Cin=2560
48-64-48-64-16-64,6,38.642800,3864280,384.076800,13595,PW-DW-DW-PW-PW-PW,1497600/1405012/475668/223200/140400/122400,0,b2 G*Cin=3840;b3 G*Cin=2560
48-64-32-16-64-64,6,38.642800,3864280,374.630400,12939,PW-DW-DW-PW-PW-PW,1497600/1405012/475668/82800/122400/280800,0,b2 G*Cin=3840;b3 G*Cin=2560
48-48-16-48-64-64,6,38.661440,3866144,345.139200,13195,PW-DW-DW-PW-PW-PW,1497600/1405012/356932/102600/223200/280800,0,b2 G*Cin=3840
48-16-64-64-64-64,6,38.674120,3867412,327.168000,16555,PW-DW-PW-PW-PW-PW,1497600/1405012/122400/280800/280800/280800,0,b2 G*Cin=3840
48-64-64-48-64,5,38.678800,3867880,411.494400,15499,PW-DW-DW-PW-PW,1497600/1405012/475668/266400/223200,0,b2 G*Cin=3840;b3 G*Cin=2560
48-32-32-64-64-64,6,38.680080,3868008,339.840000,15131,PW-DW-DW-PW-PW-PW,1497600/1405012/238196/165600/280800/280800,0,b2 G*Cin=3840
48-48-16-64-48-64,6,38.715440,3871544,334.080000,12427,PW-DW-DW-PW-PW-PW,1497600/1405012/356932/122400/266400/223200,0,b2 G*Cin=3840
48-64-48-32-48-64,6,38.786800,3878680,398.822400,14619,PW-DW-DW-PW-PW-PW,1497600/1405012/475668/126000/151200/223200,0,b2 G*Cin=3840;b3 G*Cin=2560
48-64-48-48-32-64,6,38.786800,3878680,395.136000,14363,PW-DW-DW-PW-PW-PW,1497600/1405012/475668/208800/126000/165600,0,b2 G*Cin=3840;b3 G*Cin=2560
48-64-64-48-16-64,6,38.786800,3878680,395.136000,14363,PW-DW-DW-PW-PW-PW,1497600/1405012/475668/266400/111600/122400,0,b2 G*Cin=3840;b3 G*Cin=2560
48-64-48-64-64,5,38.822800,3882280,411.494400,15499,PW-DW-DW-PW-PW,1497600/1405012/475668/223200/280800,0,b2 G*Cin=3840;b3 G*Cin=2560
48-64-48-16-64-64,6,38.930800,3893080,395.136000,14363,PW-DW-DW-PW-PW-PW,1497600/1405012/475668/111600/122400/280800,0,b2 G*Cin=3840;b3 G*Cin=2560
48-64-16-32-64-64,6,38.930800,3893080,374.630400,12939,PW-DW-DW-PW-PW-PW,1497600/1405012/475668/68400/165600/280800,0,b2 G*Cin=3840;b3 G*Cin=2560
48-48-48-48-48-64,6,39.003440,3900344,365.644800,14619,PW-DW-DW-PW-PW-PW,1497600/1405012/356932/208800/208800/223200,0,b2 G*Cin=3840
48-64-64-32-48-64,6,39.074800,3907480,423.014400,16299,PW-DW-DW-PW-PW-PW,1497600/1405012/475668/154800/151200/223200,0,b2 G*Cin=3840;b3 G*Cin=2560
48-32-64-48-64-64,6,39.112080,3911208,356.659200,16299,PW-DW-DW-PW-PW-PW,1497600/1405012/238196/266400/223200/280800,0,b2 G*Cin=3840
48-32-64-64-48-64,6,39.112080,3911208,356.659200,16299,PW-DW-DW-PW-PW-PW,1497600/1405012/238196/280800/266400/223200,0,b2 G*Cin=3840
48-64-16-48-48-64,6,39.128800,3912880,367.257600,12427,PW-DW-DW-PW-PW-PW,1497600/1405012/475668/102600/208800/223200,0,b2 G*Cin=3840;b3 G*Cin=2560
48-48-32-48-64-64,6,39.147440,3914744,369.331200,14875,PW-DW-DW-PW-PW-PW,1497600/1405012/356932/151200/223200/280800,0,b2 G*Cin=3840
48-48-32-64-48-64,6,39.147440,3914744,361.958400,14363,PW-DW-DW-PW-PW-PW,1497600/1405012/356932/165600/266400/223200,0,b2 G*Cin=3840
48-64-48-64-32-64,6,39.218800,3921880,415.641600,15787,PW-DW-DW-PW-PW-PW,1497600/1405012/475668/223200/154800/165600,0,b2 G*Cin=3840;b3 G*Cin=2560
48-64-64-16-64-64,6,39.218800,3921880,415.641600,15787,PW-DW-DW-PW-PW-PW,1497600/1405012/475668/140400/122400/280800,0,b2 G*Cin=3840;b3 G*Cin=2560
48-64-64-64-16-64,6,39.218800,3921880,415.641600,15787,PW-DW-DW-PW-PW-PW,1497600/1405012/475668/280800/140400/122400,0,b2 G*Cin=3840;b3 G*Cin=2560
48-64-32-32-64-64,6,39.218800,3921880,398.822400,14619,PW-DW-DW-PW-PW-PW,1497600/1405012/475668/97200/165600/280800,0,b2 G*Cin=3840;b3 G*Cin=2560
48-32-48-64-64-64,6,39.256080,3925608,364.032000,16811,PW-DW-DW-PW-PW-PW,1497600/1405012/238196/223200/280800/280800,0,b2 G*Cin=3840
48-64-64-48-32-64,6,39.362800,3936280,423.014400,16299,PW-DW-DW-PW-PW-PW,1497600/1405012/475668/266400/126000/165600,0,b2 G*Cin=3840;b3 G*Cin=2560
48-64-64-64-64,5,39.398800,3939880,443.059200,17691,PW-DW-DW-PW-PW,1497600/1405012/475668/280800/280800,0,b2 G*Cin=3840;b3 G*Cin=2560
48-48-16-64-64-64,6,39.435440,3943544,365.644800,14619,PW-DW-DW-PW-PW-PW,1497600/1405012/356932/122400/280800/280800,0,b2 G*Cin=3840
48-64-48-32-64-64,6,39.506800,3950680,423.014400,16299,PW-DW-DW-PW-PW-PW,1497600/1405012/475668/126000/165600/280800,0,b2 G*Cin=3840;b3 G*Cin=2560
64-16-64,3,39.536680,3953668,159.436800,2987,PW-DW-PW,1958400/1872868/122400,0,b2 G*Cin=5120
48-48-64-48-48-64,6,39.579440,3957944,389.836800,16299,PW-DW-DW-PW-PW-PW,1497600/1405012/356932/266400/208800/223200,0,b2 G*Cin=3840
48-64-32-48-48-64,6,39.614800,3961480,395.136000,14363,PW-DW-DW-PW-PW-PW,1497600/1405012/475668/151200/208800/223200,0,b2 G*Cin=3840;b3 G*Cin=2560
48-48-48-48-64-64,6,39.723440,3972344,393.523200,16555,PW-DW-DW-PW-PW-PW,1497600/1405012/356932/208800/223200/280800,0,b2 G*Cin=3840
48-48-48-64-48-64,6,39.723440,3972344,389.836800,16299,PW-DW-DW-PW-PW-PW,1497600/1405012/356932/223200/266400/223200,0,b2 G*Cin=3840
48-64-64-32-64-64,6,39.794800,3979480,447.206400,17979,PW-DW-DW-PW-PW-PW,1497600/1405012/475668/154800/165600/280800,0,b2 G*Cin=3840;b3 G*Cin=2560
48-64-64-64-32-64,6,39.794800,3979480,447.206400,17979,PW-DW-DW-PW-PW-PW,1497600/1405012/475668/280800/154800/165600,0,b2 G*Cin=3840;b3 G*Cin=2560
48-32-64-64-64-64,6,39.832080,3983208,388.224000,18491,PW-DW-DW-PW-PW-PW,1497600/1405012/238196/280800/280800/280800,0,b2 G*Cin=3840
48-64-16-48-64-64,6,39.848800,3984880,395.136000,14363,PW-DW-DW-PW-PW-PW,1497600/1405012/475668/102600/223200/280800,0,b2 G*Cin=3840;b3 G*Cin=2560
48-48-32-64-64-64,6,39.867440,3986744,393.523200,16555,PW-DW-DW-PW-PW-PW,1497600/1405012/356932/165600/280800/280800,0,b2 G*Cin=3840
48-64-16-64-48-64,6,39.902800,3990280,384.076800,13595,PW-DW-DW-PW-PW-PW,1497600/1405012/475668/122400/266400/223200,0,b2 G*Cin=3840;b3 G*Cin=2560
48-64-48-48-48-64,6,40.190800,4019080,423.014400,16299,PW-DW-DW-PW-PW-PW,1497600/1405012/475668/208800/208800/223200,0,b2 G*Cin=3840;b3 G*Cin=2560
48-48-64-48-64-64,6,40.299440,4029944,417.715200,18235,PW-DW-DW-PW-PW-PW,1497600/1405012/356932/266400/223200/280800,0,b2 G*Cin=3840
48-48-64-64-48-64,6,40.299440,4029944,417.715200,18235,PW-DW-DW-PW-PW-PW,1497600/1405012/356932/280800/266400/223200,0,b2 G*Cin=3840
48-64-32-48-64-64,6,40.334800,4033480,423.014400,16299,PW-DW-DW-PW-PW-PW,1497600/1405012/475668/151200/223200/280800,0,b2 G*Cin=3840;b3 G*Cin=2560
48-64-32-64-48-64,6,40.334800,4033480,415.641600,15787,PW-DW-DW-PW-PW-PW,1497600/1405012/475668/165600/266400/223200,0,b2 G*Cin=3840;b3 G*Cin=2560
48-48-48-64-64-64,6,40.443440,4044344,421.401600,18491,PW-DW-DW-PW-PW-PW,1497600/1405012/356932/223200/280800/280800,0,b2 G*Cin=3840
48-64-16-64-64-64,6,40.622800,4062280,415.641600,15787,PW-DW-DW-PW-PW-PW,1497600/1405012/475668/122400/280800/280800,0,b2 G*Cin=3840;b3 G*Cin=2560
64-32-64,3,40.694640,4069464,235.238400,5179,PW-DW-DW,1958400/1872868/238196,0,b2 G*Cin=5120
64-16-16-64,4,40.731280,4073128,165.196800,3387,PW-DW-DW-PW,1958400/1872868/119460/122400,0,b2 G*Cin=5120
48-64-64-48-48-64,6,40.766800,4076680,450.892800,18235,PW-DW-DW-PW-PW-PW,1497600/1405012/475668/266400/208800/223200,0,b2 G*Cin=3840;b3 G*Cin=2560
48-64-48-48-64-64,6,40.910800,4091080,450.892800,18235,PW-DW-DW-PW-PW-PW,1497600/1405012/475668/208800/223200/280800,0,b2 G*Cin=3840;b3 G*Cin=2560
48-64-48-64-48-64,6,40.910800,4091080,447.206400,17979,PW-DW-DW-PW-PW-PW,1497600/1405012/475668/223200/266400/223200,0,b2 G*Cin=3840;b3 G*Cin=2560
48-48-64-64-64-64,6,41.019440,4101944,449.280000,20427,PW-DW-DW-PW-PW-PW,1497600/1405012/356932/280800/280800/280800,0,b2 G*Cin=3840
48-64-32-64-64-64,6,41.054800,4105480,447.206400,17979,PW-DW-DW-PW-PW-PW,1497600/1405012/475668/165600/280800/280800,0,b2 G*Cin=3840;b3 G*Cin=2560
64-16-32-64,4,41.163280,4116328,185.702400,4811,PW-DW-DW-PW,1958400/1872868/119460/165600,0,b2 G*Cin=5120
64-16-16-16-64,5,41.271280,4127128,170.956800,3787,PW-DW-DW-PW-PW,1958400/1872868/119460/54000/122400,0,b2 G*Cin=5120
48-64-64-48-64-64,6,41.486800,4148680,478.771200,20171,PW-DW-DW-PW-PW-PW,1497600/1405012/475668/266400/223200/280800,0,b2 G*Cin=3840;b3 G*Cin=2560
48-64-64-64-48-64,6,41.486800,4148680,478.771200,20171,PW-DW-DW-PW-PW-PW,1497600/1405012/475668/280800/266400/223200,0,b2 G*Cin=3840;b3 G*Cin=2560
64-16-32-16-64,5,41.559280,4155928,180.403200,4443,PW-DW-DW-PW-PW,1958400/1872868/119460/82800/122400,0,b2 G*Cin=5120
48-64-48-64-64-64,6,41.630800,4163080,478.771200,20171,PW-DW-DW-PW-PW-PW,1497600/1405012/475668/223200/280800/280800,0,b2 G*Cin=3840;b3 G*Cin=2560
64-16-48-64,4,41.739280,4173928,206.208000,6235,PW-DW-DW-PW,1958400/1872868/119460/223200,0,b2 G*Cin=5120
64-16-16-16-16-64,6,41.811280,4181128,176.716800,4187,PW-DW-DW-PW-PW-PW,1958400/1872868/119460/54000/54000/122400,0,b2 G*Cin=5120
64-16-16-32-64,5,41.847280,4184728,191.462400,5211,PW-DW-DW-PW-PW,1958400/1872868/119460/68400/165600,0,b2 G*Cin=5120
64-16-48-16-64,5,41.847280,4184728,189.849600,5099,PW-DW-DW-PW-PW,1958400/1872868/119460/111600/122400,0,b2 G*Cin=5120
64-48-64,3,41.882000,4188200,311.040000,7371,PW-DW-DW,1958400/1872868/356932,0,b2 G*Cin=5120
64-32-16-64,4,41.918640,4191864,229.939200,4811,PW-DW-DW-PW,1958400/1872868/238196/122400,0,b2 G*Cin=5120
64-16-32-16-16-64,6,42.099280,4209928,186.163200,4843,PW-DW-DW-PW-PW-PW,1958400/1872868/119460/82800/54000/122400,0,b2 G*Cin=5120
64-16-32-32-64,5,42.135280,4213528,204.595200,6123,PW-DW-DW-PW-PW,1958400/1872868/119460/97200/165600,0,b2 G*Cin=5120
64-16-64-16-64,5,42.164680,4216468,199.296000,5755,PW-DW-PW-PW-PW,1958400/1872868/122400/140400/122400,0,b2 G*Cin=5120
48-64-64-64-64-64,6,42.206800,4220680,510.336000,22363,PW-DW-DW-PW-PW-PW,1497600/1405012/475668/280800/280800/280800,0,b2 G*Cin=3840;b3 G*Cin=2560
64-16-16-32-16-64,6,42.243280,4224328,186.163200,4843,PW-DW-DW-PW-PW-PW,1958400/1872868/119460/68400/82800/122400,0,b2 G*Cin=5120
64-16-64-64,4,42.344680,4234468,226.713600,7659,PW-DW-PW-PW,1958400/1872868/122400/280800,0,b2 G*Cin=5120
64-32-32-64,4,42.350640,4235064,254.131200,6491,PW-DW-DW-PW,1958400/1872868/238196/165600,0,b2 G*Cin=5120
64-16-16-16-32-64,6,42.387280,4238728,197.222400,5611,PW-DW-DW-PW-PW-PW,1958400/1872868/119460/54000/68400/165600,0,b2 G*Cin=5120
64-16-48-16-16-64,6,42.387280,4238728,195.609600,5499,PW-DW-DW-PW-PW-PW,1958400/1872868/119460/111600/54000/122400,0,b2 G*Cin=5120
64-16-48-32-64,5,42.423280,4242328,217.728000,7035,PW-DW-DW-PW-PW,1958400/1872868/119460/126000/165600,0,b2 G*Cin=5120
64-32-16-16-64,5,42.458640,4245864,235.699200,5211,PW-DW-DW-PW-PW,1958400/1872868/238196/54000/122400,0,b2 G*Cin=5120
64-16-32-32-16-64,6,42.531280,4253128,199.296000,5755,PW-DW-DW-PW-PW-PW,1958400/1872868/119460/97200/82800/122400,0,b2 G*Cin=5120
64-16-32-16-32-64,6,42.675280,4267528,206.668800,6267,PW-DW-DW-PW-PW-PW,1958400/1872868/119460/82800/68400/165600,0,b2 G*Cin=5120
64-16-64-16-16-64,6,42.704680,4270468,205.056000,6155,PW-DW-PW-PW-PW-PW,1958400/1872868/122400/140400/54000/122400,0,b2 G*Cin=5120
64-16-64-32-64,5,42.740680,4274068,230.860800,7947,PW-DW-PW-PW-PW,1958400/1872868/122400/154800/165600,0,b2 G*Cin=5120
64-32-32-16-64,5,42.746640,4274664,248.832000,6123,PW-DW-DW-PW-PW,1958400/1872868/238196/82800/122400,0,b2 G*Cin=5120
64-16-16-48-64,5,42.765280,4276528,211.968000,6635,PW-DW-DW-PW-PW,1958400/1872868/119460/102600/223200,0,b2 G*Cin=5120
64-16-48-32-16-64,6,42.819280,4281928,212.428800,6667,PW-DW-DW-PW-PW-PW,1958400/1872868/119460/126000/82800/122400,0,b2 G*Cin=5120
64-16-16-32-32-64,6,42.819280,4281928,210.355200,6523,PW-DW-DW-PW-PW-PW,1958400/1872868/119460/68400/97200/165600,0,b2 G*Cin=5120
64-16-16-48-16-64,6,42.873280,4287328,195.609600,5499,PW-DW-DW-PW-PW-PW,1958400/1872868/119460/102600/111600/122400,0,b2 G*Cin=5120
64-32-48-64,4,42.926640,4292664,278.323200,8171,PW-DW-DW-PW,1958400/1872868/238196/223200,0,b2 G*Cin=5120
64-16-48-16-32-64,6,42.963280,4296328,216.115200,6923,PW-DW-DW-PW-PW-PW,1958400/1872868/119460/111600/68400/165600,0,b2 G*Cin=5120
64-32-16-16-16-64,6,42.998640,4299864,241.459200,5611,PW-DW-DW-PW-PW-PW,1958400/1872868/238196/54000/54000/122400,0,b2 G*Cin=5120
64-32-48-16-64,5,43.034640,4303464,261.964800,7035,PW-DW-DW-PW-PW,1958400/1872868/238196/111600/122400,0,b2 G*Cin=5120
64-32-16-32-64,5,43.034640,4303464,256.204800,6635,PW-DW-DW-PW-PW,1958400/1872868/238196/68400/165600,0,b2 G*Cin=5120
64-64-64,3,43.069360,4306936,386.841600,9563,PW-DW-DW,1958400/1872868/475668,0,b2 G*Cin=5120;b3 G*Cin=2560
64-48-16-64,4,43.106000,4310600,294.681600,6235,PW-DW-DW-PW,1958400/1872868/356932/122400,0,b2 G*Cin=5120
64-16-32-32-32-64,6,43.107280,4310728,223.488000,7435,PW-DW-DW-PW-PW-PW,1958400/1872868/119460/97200/97200/165600,0,b2 G*Cin=5120
64-16-64-32-16-64,6,43.136680,4313668,225.561600,7579,PW-DW-PW-PW-PW-PW,1958400/1872868/122400/154800/82800/122400,0,b2 G*Cin=5120
64-16-32-48-64,5,43.251280,4325128,228.787200,7803,PW-DW-DW-PW-PW,1958400/1872868/119460/151200/223200,0,b2 G*Cin=5120
64-16-64-16-32-64,6,43.280680,4328068,225.561600,7579,PW-DW-PW-PW-PW-PW,1958400/1872868/122400/140400/68400/165600,0,b2 G*Cin=5120
64-32-32-16-16-64,6,43.286640,4328664,254.592000,6523,PW-DW-DW-PW-PW-PW,1958400/1872868/238196/82800/54000/122400,0,b2 G*Cin=5120
64-16-16-16-48-64,6,43.305280,4330528,217.728000,7035,PW-DW-DW-PW-PW-PW,1958400/1872868/119460/54000/102600/223200,0,b2 G*Cin=5120
64-32-64-16-64,5,43.322640,4332264,275.097600,7947,PW-DW-DW-PW-PW,1958400/1872868/238196/140400/122400,0,b2 G*Cin=5120
64-32-32-32-64,5,43.322640,4332264,273.024000,7803,PW-DW-DW-PW-PW,1958400/1872868/238196/97200/165600,0,b2 G*Cin=5120
64-16-32-48-16-64,6,43.359280,4335928,212.428800,6667,PW-DW-DW-PW-PW-PW,1958400/1872868/119460/151200/111600/122400,0,b2 G*Cin=5120
64-16-16-64-16-64,6,43.359280,4335928,205.056000,6155,PW-DW-DW-PW-PW-PW,1958400/1872868/119460/122400/140400/122400,0,b2 G*Cin=5120
64-16-48-32-32-64,6,43.395280,4339528,236.620800,8347,PW-DW-DW-PW-PW-PW,1958400/1872868/119460/126000/97200/165600,0,b2 G*Cin=5120
64-32-16-32-16-64,6,43.430640,4343064,250.905600,6267,PW-DW-DW-PW-PW-PW,1958400/1872868/238196/68400/82800/122400,0,b2 G*Cin=5120
64-16-16-48-32-64,6,43.449280,4344928,223.488000,7435,PW-DW-DW-PW-PW-PW,1958400/1872868/119460/102600/126000/165600,0,b2 G*Cin=5120
64-32-64-64,4,43.502640,4350264,302.515200,9851,PW-DW-DW-PW,1958400/1872868/238196/280800,0,b2 G*Cin=5120
64-48-32-64,4,43.538000,4353800,322.560000,8171,PW-DW-DW-PW,1958400/1872868/356932/165600,0,b2 G*Cin=5120
64-16-16-64-64,5,43.539280,4353928,232.473600,8059,PW-DW-DW-PW-PW,1958400/1872868/119460/122400/280800,0,b2 G*Cin=5120
64-32-48-16-16-64,6,43.574640,4357464,267.724800,7435,PW-DW-DW-PW-PW-PW,1958400/1872868/238196/111600/54000/122400,0,b2 G*Cin=5120
64-32-16-16-32-64,6,43.574640,4357464,261.964800,7035,PW-DW-DW-PW-PW-PW,1958400/1872868/238196/54000/68400/165600,0,b2 G*Cin=5120
64-16-32-16-48-64,6,43.593280,4359328,227.174400,7691,PW-DW-DW-PW-PW-PW,1958400/1872868/119460/82800/102600/223200,0,b2 G*Cin=5120
64-32-48-32-64,5,43.610640,4361064,289.843200,8971,PW-DW-DW-PW-PW,1958400/1872868/238196/126000/165600,0,b2 G*Cin=5120
64-48-16-16-64,5,43.646000,4364600,300.441600,6635,PW-DW-DW-PW-PW,1958400/1872868/356932/54000/122400,0,b2 G*Cin=5120
64-16-64-32-32-64,6,43.712680,4371268,249.753600,9259,PW-DW-PW-PW-PW-PW,1958400/1872868/122400/154800/97200/165600,0,b2 G*Cin=5120
64-32-32-32-16-64,6,43.718640,4371864,267.724800,7435,PW-DW-DW-PW-PW-PW,1958400/1872868/238196/97200/82800/122400,0,b2 G*Cin=5120
64-16-32-64-16-64,6,43.791280,4379128,225.561600,7579,PW-DW-DW-PW-PW-PW,1958400/1872868/119460/165600/140400/122400,0,b2 G*Cin=5120
64-16-48-48-64,5,43.827280,4382728,245.606400,8971,PW-DW-DW-PW-PW,1958400/1872868/119460/208800/223200,0,b2 G*Cin=5120
64-32-64-16-16-64,6,43.862640,4386264,280.857600,8347,PW-DW-DW-PW-PW-PW,1958400/1872868/238196/140400/54000/122400,0,b2 G*Cin=5120
64-32-32-16-32-64,6,43.862640,4386264,275.097600,7947,PW-DW-DW-PW-PW-PW,1958400/1872868/238196/82800/68400/165600,0,b2 G*Cin=5120
64-16-48-16-48-64,6,43.881280,4388128,236.620800,8347,PW-DW-DW-PW-PW-PW,1958400/1872868/119460/111600/102600/223200,0,b2 G*Cin=5120
64-32-64-32-64,5,43.898640,4389864,306.662400,10139,PW-DW-DW-PW-PW,1958400/1872868/238196/154800/165600,0,b2 G*Cin=5120
64-48-32-16-64,5,43.934000,4393400,317.260800,7803,PW-DW-DW-PW-PW,1958400/1872868/356932/82800/122400,0,b2 G*Cin=5120
64-16-32-48-32-64,6,43.935280,4393528,240.307200,8603,PW-DW-DW-PW-PW-PW,1958400/1872868/119460/151200/126000/165600,0,b2 G*Cin=5120
64-16-16-64-32-64,6,43.935280,4393528,236.620800,8347,PW-DW-DW-PW-PW-PW,1958400/1872868/119460/122400/154800/165600,0,b2 G*Cin=5120
64-16-16-32-48-64,6,43.935280,4393528,234.547200,8203,PW-DW-DW-PW-PW-PW,1958400/1872868/119460/68400/151200/223200,0,b2 G*Cin=5120
64-16-48-48-16-64,6,43.935280,4393528,229.248000,7835,PW-DW-DW-PW-PW-PW,1958400/1872868/119460/208800/111600/122400,0,b2 G*Cin=5120
64-32-16-48-64,5,43.952640,4395264,276.710400,8059,PW-DW-DW-PW-PW,1958400/1872868/238196/102600/223200,0,b2 G*Cin=5120
64-16-32-64-64,5,43.971280,4397128,252.979200,9483,PW-DW-DW-PW-PW,1958400/1872868/119460/165600/280800,0,b2 G*Cin=5120
64-32-48-32-16-64,6,44.006640,4400664,284.544000,8603,PW-DW-DW-PW-PW-PW,1958400/1872868/238196/126000/82800/122400,0,b2 G*Cin=5120
64-32-16-32-32-64,6,44.006640,4400664,275.097600,7947,PW-DW-DW-PW-PW-PW,1958400/1872868/238196/68400/97200/165600,0,b2 G*Cin=5120
64-32-16-48-16-64,6,44.060640,4406064,260.352000,6923,PW-DW-DW-PW-PW-PW,1958400/1872868/238196/102600/111600/122400,0,b2 G*Cin=5120
64-16-16-16-64-64,6,44.079280,4407928,238.233600,8459,PW-DW-DW-PW-PW-PW,1958400/1872868/119460/54000/122400/280800,0,b2 G*Cin=5120
64-48-48-64,4,44.114000,4411400,350.438400,10107,PW-DW-DW-PW,1958400/1872868/356932/223200,0,b2 G*Cin=5120
64-32-48-16-32-64,6,44.150640,4415064,288.230400,8859,PW-DW-DW-PW-PW-PW,1958400/1872868/238196/111600/68400/165600,0,b2 G*Cin=5120
64-48-16-16-16-64,6,44.186000,4418600,306.201600,7035,PW-DW-DW-PW-PW-PW,1958400/1872868/356932/54000/54000/122400,0,b2 G*Cin=5120
64-16-64-16-48-64,6,44.198680,4419868,246.067200,9003,PW-DW-PW-PW-PW-PW,1958400/1872868/122400/140400/102600/223200,0,b2 G*Cin=5120
64-48-48-16-64,5,44.222000,4422200,334.080000,8971,PW-DW-DW-PW-PW,1958400/1872868/356932/111600/122400,0,b2 G*Cin=5120
64-48-16-32-64,5,44.222000,4422200,320.947200,8059,PW-DW-DW-PW-PW,1958400/1872868/356932/68400/165600,0,b2 G*Cin=5120
64-16-32-32-48-64,6,44.223280,4422328,247.680000,9115,PW-DW-DW-PW-PW-PW,1958400/1872868/119460/97200/151200/223200,0,b2 G*Cin=5120
64-64-16-64,4,44.293360,4429336,359.424000,7659,PW-DW-DW-PW,1958400/1872868/475668/122400,0,b2 G*Cin=5120;b3 G*Cin=2560
64-32-64-32-16-64,6,44.294640,4429464,301.363200,9771,PW-DW-DW-PW-PW-PW,1958400/1872868/238196/154800/82800/122400,0,b2 G*Cin=5120
64-32-32-32-32-64,6,44.294640,4429464,291.916800,9115,PW-DW-DW-PW-PW-PW,1958400/1872868/238196/97200/97200/165600,0,b2 G*Cin=5120
64-16-32-64-32-64,6,44.367280,4436728,257.126400,9771,PW-DW-DW-PW-PW-PW,1958400/1872868/119460/165600/154800/165600,0,b2 G*Cin=5120
64-16-32-16-64-64,6,44.367280,4436728,247.680000,9115,PW-DW-DW-PW-PW-PW,1958400/1872868/119460/82800/122400/280800,0,b2 G*Cin=5120
64-16-48-64-16-64,6,44.367280,4436728,246.067200,9003,PW-DW-DW-PW-PW-PW,1958400/1872868/119460/223200/140400/122400,0,b2 G*Cin=5120
64-16-64-48-64,5,44.432680,4443268,262.425600,10139,PW-DW-PW-PW-PW,1958400/1872868/122400/266400/223200,0,b2 G*Cin=5120
64-32-64-16-32-64,6,44.438640,4443864,301.363200,9771,PW-DW-DW-PW-PW-PW,1958400/1872868/238196/140400/68400/165600,0,b2 G*Cin=5120
64-32-32-48-64,5,44.438640,4443864,297.216000,9483,PW-DW-DW-PW-PW,1958400/1872868/238196/151200/223200,0,b2 G*Cin=5120
64-48-32-16-16-64,6,44.474000,4447400,323.020800,8203,PW-DW-DW-PW-PW-PW,1958400/1872868/356932/82800/54000/122400,0,b2 G*Cin=5120
64-32-16-16-48-64,6,44.492640,4449264,282.470400,8459,PW-DW-DW-PW-PW-PW,1958400/1872868/238196/54000/102600/223200,0,b2 G*Cin=5120
64-48-64-16-64,5,44.510000,4451000,350.899200,10139,PW-DW-DW-PW-PW,1958400/1872868/356932/140400/122400,0,b2 G*Cin=5120
64-48-32-32-64,5,44.510000,4451000,341.452800,9483,PW-DW-DW-PW-PW,1958400/1872868/356932/97200/165600,0,b2 G*Cin=5120
64-16-48-32-48-64,6,44.511280,4451128,260.812800,10027,PW-DW-DW-PW-PW-PW,1958400/1872868/119460/126000/151200/223200,0,b2 G*Cin=5120
64-16-48-48-32-64,6,44.511280,4451128,257.126400,9771,PW-DW-DW-PW-PW-PW,1958400/1872868/119460/208800/126000/165600,0,b2 G*Cin=5120
64-16-64-48-16-64,6,44.540680,4454068,246.067200,9003,PW-DW-PW-PW-PW-PW,1958400/1872868/122400/266400/111600/122400,0,b2 G*Cin=5120
64-32-32-48-16-64,6,44.546640,4454664,280.857600,8347,PW-DW-DW-PW-PW-PW,1958400/1872868/238196/151200/111600/122400,0,b2 G*Cin=5120
64-32-16-64-16-64,6,44.546640,4454664,269.798400,7579,PW-DW-DW-PW-PW-PW,1958400/1872868/238196/122400/140400/122400,0,b2 G*Cin=5120
64-16-48-64-64,5,44.547280,4454728,273.484800,10907,PW-DW-DW-PW-PW,1958400/1872868/119460/223200/280800,0,b2 G*Cin=5120
64-32-48-32-32-64,6,44.582640,4458264,308.736000,10283,PW-DW-DW-PW-PW-PW,1958400/1872868/238196/126000/97200/165600,0,b2 G*Cin=5120
64-48-16-32-16-64,6,44.618000,4461800,315.648000,7691,PW-DW-DW-PW-PW-PW,1958400/1872868/356932/68400/82800/122400,0,b2 G*Cin=5120
64-32-16-48-32-64,6,44.636640,4463664,288.230400,8859,PW-DW-DW-PW-PW-PW,1958400/1872868/238196/102600/126000/165600,0,b2 G*Cin=5120
64-16-16-32-64-64,6,44.655280,4465528,258.739200,9883,PW-DW-DW-PW-PW-PW,1958400/1872868/119460/68400/165600/280800,0,b2 G*Cin=5120
64-16-48-16-64-64,6,44.655280,4465528,257.126400,9771,PW-DW-DW-PW-PW-PW,1958400/1872868/119460/111600/122400/280800,0,b2 G*Cin=5120
64-48-64-64,4,44.690000,4469000,378.316800,12043,PW-DW-DW-PW,1958400/1872868/356932/280800,0,b2 G*Cin=5120
64-64-32-64,4,44.725360,4472536,390.988800,9851,PW-DW-DW-PW,1958400/1872868/475668/165600,0,b2 G*Cin=5120;b3 G*Cin=2560
64-32-16-64-64,5,44.726640,4472664,297.216000,9483,PW-DW-DW-PW-PW,1958400/1872868/238196/122400/280800,0,b2 G*Cin=5120
64-48-48-16-16-64,6,44.762000,4476200,339.840000,9371,PW-DW-DW-PW-PW-PW,1958400/1872868/356932/111600/54000/122400,0,b2 G*Cin=5120
64-48-16-16-32-64,6,44.762000,4476200,326.707200,8459,PW-DW-DW-PW-PW-PW,1958400/1872868/356932/54000/68400/165600,0,b2 G*Cin=5120
64-32-32-16-48-64,6,44.780640,4478064,295.603200,9371,PW-DW-DW-PW-PW-PW,1958400/1872868/238196/82800/102600/223200,0,b2 G*Cin=5120
64-48-48-32-64,5,44.798000,4479800,361.958400,10907,PW-DW-DW-PW-PW,1958400/1872868/356932/126000/165600,0,b2 G*Cin=5120
64-16-64-32-48-64,6,44.828680,4482868,273.945600,10939,PW-DW-PW-PW-PW-PW,1958400/1872868/122400/154800/151200/223200,0,b2 G*Cin=5120
64-64-16-16-64,5,44.833360,4483336,365.184000,8059,PW-DW-DW-PW-PW,1958400/1872868/475668/54000/122400,0,b2 G*Cin=5120;b3 G*Cin=2560
64-16-16-48-48-64,6,44.853280,4485328,251.366400,9371,PW-DW-DW-PW-PW-PW,1958400/1872868/119460/102600/208800/223200,0,b2 G*Cin=5120
64-32-64-32-32-64,6,44.870640,4487064,325.555200,11451,PW-DW-DW-PW-PW-PW,1958400/1872868/238196/154800/97200/165600,0,b2 G*Cin=5120
64-48-32-32-16-64,6,44.906000,4490600,336.153600,9115,PW-DW-DW-PW-PW-PW,1958400/1872868/356932/97200/82800/122400,0,b2 G*Cin=5120
64-16-48-64-32-64,6,44.943280,4494328,277.632000,11195,PW-DW-DW-PW-PW-PW,1958400/1872868/119460/223200/154800/165600,0,b2 G*Cin=5120
64-16-32-32-64-64,6,44.943280,4494328,271.872000,10795,PW-DW-DW-PW-PW-PW,1958400/1872868/119460/97200/165600/280800,0,b2 G*Cin=5120
64-16-64-16-64-64,6,44.972680,4497268,266.572800,10427,PW-DW-PW-PW-PW-PW,1958400/1872868/122400/140400/122400/280800,0,b2 G*Cin=5120
64-16-64-64-16-64,6,44.972680,4497268,266.572800,10427,PW-DW-PW-PW-PW-PW,1958400/1872868/122400/280800/140400/122400,0,b2 G*Cin=5120
64-32-32-64-16-64,6,44.978640,4497864,293.990400,9259,PW-DW-DW-PW-PW-PW,1958400/1872868/238196/165600/140400/122400,0,b2 G*Cin=5120
64-32-48-48-64,5,45.014640,4501464,317.721600,10907,PW-DW-DW-PW-PW,1958400/1872868/238196/208800/223200,0,b2 G*Cin=5120
64-48-64-16-16-64,6,45.050000,4505000,356.659200,10539,PW-DW-DW-PW-PW-PW,1958400/1872868/356932/140400/54000/122400,0,b2 G*Cin=5120
64-48-32-16-32-64,6,45.050000,4505000,343.526400,9627,PW-DW-DW-PW-PW-PW,1958400/1872868/356932/82800/68400/165600,0,b2 G*Cin=5120
64-32-48-16-48-64,6,45.068640,4506864,308.736000,10283,PW-DW-DW-PW-PW-PW,1958400/1872868/238196/111600/102600/223200,0,b2 G*Cin=5120
64-48-64-32-64,5,45.086000,4508600,382.464000,12331,PW-DW-DW-PW-PW,1958400/1872868/356932/154800/165600,0,b2 G*Cin=5120
64-16-64-48-32-64,6,45.116680,4511668,273.945600,10939,PW-DW-PW-PW-PW-PW,1958400/1872868/122400/266400/126000/165600,0,b2 G*Cin=5120
64-64-32-16-64,5,45.121360,4512136,385.689600,9483,PW-DW-DW-PW-PW,1958400/1872868/475668/82800/122400,0,b2 G*Cin=5120;b3 G*Cin=2560
64-32-32-48-32-64,6,45.122640,4512264,308.736000,10283,PW-DW-DW-PW-PW-PW,1958400/1872868/238196/151200/126000/165600,0,b2 G*Cin=5120
64-32-16-64-32-64,6,45.122640,4512264,301.363200,9771,PW-DW-DW-PW-PW-PW,1958400/1872868/238196/122400/154800/165600,0,b2 G*Cin=5120
64-32-48-48-16-64,6,45.122640,4512264,301.363200,9771,PW-DW-DW-PW-PW-PW,1958400/1872868/238196/208800/111600/122400,0,b2 G*Cin=5120
64-32-16-32-48-64,6,45.122640,4512264,299.289600,9627,PW-DW-DW-PW-PW-PW,1958400/1872868/238196/68400/151200/223200,0,b2 G*Cin=5120
64-48-16-48-64,5,45.140000,4514000,341.452800,9483,PW-DW-DW-PW-PW,1958400/1872868/356932/102600/223200,0,b2 G*Cin=5120
64-16-64-64-64,5,45.152680,4515268,293.990400,12331,PW-DW-PW-PW-PW,1958400/1872868/122400/280800/280800,0,b2 G*Cin=5120
64-32-32-64-64,5,45.158640,4515864,321.408000,11163,PW-DW-DW-PW-PW,1958400/1872868/238196/165600/280800,0,b2 G*Cin=5120
64-48-48-32-16-64,6,45.194000,4519400,356.659200,10539,PW-DW-DW-PW-PW-PW,1958400/1872868/356932/126000/82800/122400,0,b2 G*Cin=5120
64-48-16-32-32-64,6,45.194000,4519400,339.840000,9371,PW-DW-DW-PW-PW-PW,1958400/1872868/356932/68400/97200/165600,0,b2 G*Cin=5120
64-16-48-32-64-64,6,45.231280,4523128,285.004800,11707,PW-DW-DW-PW-PW-PW,1958400/1872868/119460/126000/165600/280800,0,b2 G*Cin=5120
64-48-16-48-16-64,6,45.248000,4524800,325.094400,8347,PW-DW-DW-PW-PW-PW,1958400/1872868/356932/102600/111600/122400,0,b2 G*Cin=5120
64-32-16-16-64-64,6,45.266640,4526664,302.976000,9883,PW-DW-DW-PW-PW-PW,1958400/1872868/238196/54000/122400/280800,0,b2 G*Cin=5120
64-64-48-64,4,45.301360,4530136,422.553600,12043,PW-DW-DW-PW,1958400/1872868/475668/223200,0,b2 G*Cin=5120;b3 G*Cin=2560
64-48-48-16-32-64,6,45.338000,4533800,360.345600,10795,PW-DW-DW-PW-PW-PW,1958400/1872868/356932/111600/68400/165600,0,b2 G*Cin=5120
64-16-32-48-48-64,6,45.339280,4533928,268.185600,10539,PW-DW-DW-PW-PW-PW,1958400/1872868/119460/151200/208800/223200,0,b2 G*Cin=5120
64-32-64-16-48-64,6,45.356640,4535664,321.868800,11195,PW-DW-DW-PW-PW-PW,1958400/1872868/238196/140400/102600/223200,0,b2 G*Cin=5120
64-64-16-16-16-64,6,45.373360,4537336,370.944000,8459,PW-DW-DW-PW-PW-PW,1958400/1872868/475668/54000/54000/122400,0,b2 G*Cin=5120;b3 G*Cin=2560
64-64-48-16-64,5,45.409360,4540936,406.195200,10907,PW-DW-DW-PW-PW,1958400/1872868/475668/111600/122400,0,b2 G*Cin=5120;b3 G*Cin=2560
64-64-16-32-64,5,45.409360,4540936,385.689600,9483,PW-DW-DW-PW-PW,1958400/1872868/475668/68400/165600,0,b2 G*Cin=5120;b3 G*Cin=2560
64-32-32-32-48-64,6,45.410640,4541064,316.108800,10795,PW-DW-DW-PW-PW-PW,1958400/1872868/238196/97200/151200/223200,0,b2 G*Cin=5120
64-48-64-32-16-64,6,45.482000,4548200,377.164800,11963,PW-DW-DW-PW-PW-PW,1958400/1872868/356932/154800/82800/122400,0,b2 G*Cin=5120
64-48-32-32-32-64,6,45.482000,4548200,360.345600,10795,PW-DW-DW-PW-PW-PW,1958400/1872868/356932/97200/97200/165600,0,b2 G*Cin=5120
64-16-64-32-64-64,6,45.548680,4554868,298.137600,12619,PW-DW-PW-PW-PW-PW,1958400/1872868/122400/154800/165600/280800,0,b2 G*Cin=5120
64-16-64-64-32-64,6,45.548680,4554868,298.137600,12619,PW-DW-PW-PW-PW-PW,1958400/1872868/122400/280800/154800/165600,0,b2 G*Cin=5120
64-32-32-64-32-64,6,45.554640,4555464,325.555200,11451,PW-DW-DW-PW-PW-PW,1958400/1872868/238196/165600/154800/165600,0,b2 G*Cin=5120
64-32-48-64-16-64,6,45.554640,4555464,318.182400,10939,PW-DW-DW-PW-PW-PW,1958400/1872868/238196/223200/140400/122400,0,b2 G*Cin=5120
64-32-32-16-64-64,6,45.554640,4555464,316.108800,10795,PW-DW-DW-PW-PW-PW,1958400/1872868/238196/82800/122400/280800,0,b2 G*Cin=5120
64-16-16-48-64-64,6,45.573280,4557328,279.244800,11307,PW-DW-DW-PW-PW-PW,1958400/1872868/119460/102600/223200/280800,0,b2 G*Cin=5120
64-32-64-48-64,5,45.590640,4559064,338.227200,12331,PW-DW-DW-PW-PW,1958400/1872868/238196/266400/223200,0,b2 G*Cin=5120
64-48-64-16-32-64,6,45.626000,4562600,377.164800,11963,PW-DW-DW-PW-PW-PW,1958400/1872868/356932/140400/68400/165600,0,b2 G*Cin=5120
64-48-32-48-64,5,45.626000,4562600,365.644800,11163,PW-DW-DW-PW-PW,1958400/1872868/356932/151200/223200,0,b2 G*Cin=5120
64-16-16-64-48-64,6,45.627280,4562728,268.185600,10539,PW-DW-DW-PW-PW-PW,1958400/1872868/119460/122400/266400/223200,0,b2 G*Cin=5120
64-64-32-16-16-64,6,45.661360,4566136,391.449600,9883,PW-DW-DW-PW-PW-PW,1958400/1872868/475668/82800/54000/122400,0,b2 G*Cin=5120;b3 G*Cin=2560
64-48-16-16-48-64,6,45.680000,4568000,347.212800,9883,PW-DW-DW-PW-PW-PW,1958400/1872868/356932/54000/102600/223200,0,b2 G*Cin=5120
64-64-64-16-64,5,45.697360,4569736,426.700800,12331,PW-DW-DW-PW-PW,1958400/1872868/475668/140400/122400,0,b2 G*Cin=5120;b3 G*Cin=2560
64-64-32-32-64,5,45.697360,4569736,409.881600,11163,PW-DW-DW-PW-PW,1958400/1872868/475668/97200/165600,0,b2 G*Cin=5120;b3 G*Cin=2560
64-32-48-32-48-64,6,45.698640,4569864,332.928000,11963,PW-DW-DW-PW-PW-PW,1958400/1872868/238196/126000/151200/223200,0,b2 G*Cin=5120
64-32-48-48-32-64,6,45.698640,4569864,329.241600,11707,PW-DW-DW-PW-PW-PW,1958400/1872868/238196/208800/126000/165600,0,b2 G*Cin=5120
64-32-64-48-16-64,6,45.698640,4569864,321.868800,11195,PW-DW-DW-PW-PW-PW,1958400/1872868/238196/266400/111600/122400,0,b2 G*Cin=5120
64-48-32-48-16-64,6,45.734000,4573400,349.286400,10027,PW-DW-DW-PW-PW-PW,1958400/1872868/356932/151200/111600/122400,0,b2 G*Cin=5120
64-48-16-64-16-64,6,45.734000,4573400,334.540800,9003,PW-DW-DW-PW-PW-PW,1958400/1872868/356932/122400/140400/122400,0,b2 G*Cin=5120
64-32-48-64-64,5,45.734640,4573464,345.600000,12843,PW-DW-DW-PW-PW,1958400/1872868/238196/223200/280800,0,b2 G*Cin=5120
64-48-48-32-32-64,6,45.770000,4577000,380.851200,12219,PW-DW-DW-PW-PW-PW,1958400/1872868/356932/126000/97200/165600,0,b2 G*Cin=5120
64-64-16-32-16-64,6,45.805360,4580536,380.390400,9115,PW-DW-DW-PW-PW-PW,1958400/1872868/475668/68400/82800/122400,0,b2 G*Cin=5120;b3 G*Cin=2560
64-48-16-48-32-64,6,45.824000,4582400,352.972800,10283,PW-DW-DW-PW-PW-PW,1958400/1872868/356932/102600/126000/165600,0,b2 G*Cin=5120
64-32-48-16-64-64,6,45.842640,4584264,329.241600,11707,PW-DW-DW-PW-PW-PW,1958400/1872868/238196/111600/122400/280800,0,b2 G*Cin=5120
64-32-16-32-64-64,6,45.842640,4584264,323.481600,11307,PW-DW-DW-PW-PW-PW,1958400/1872868/238196/68400/165600/280800,0,b2 G*Cin=5120
64-64-64-64,4,45.877360,4587736,454.118400,14235,PW-DW-DW-PW,1958400/1872868/475668/280800,0,b2 G*Cin=5120;b3 G*Cin=2560
64-48-16-64-64,5,45.914000,4591400,361.958400,10907,PW-DW-DW-PW-PW,1958400/1872868/356932/122400/280800,0,b2 G*Cin=5120
64-16-48-48-48-64,6,45.915280,4591528,285.004800,11707,PW-DW-DW-PW-PW-PW,1958400/1872868/119460/208800/208800/223200,0,b2 G*Cin=5120
64-64-48-16-16-64,6,45.949360,4594936,411.955200,11307,PW-DW-DW-PW-PW-PW,1958400/1872868/475668/111600/54000/122400,0,b2 G*Cin=5120;b3 G*Cin=2560
64-64-16-16-32-64,6,45.949360,4594936,391.449600,9883,PW-DW-DW-PW-PW-PW,1958400/1872868/475668/54000/68400/165600,0,b2 G*Cin=5120;b3 G*Cin=2560
64-48-32-16-48-64,6,45.968000,4596800,364.032000,11051,PW-DW-DW-PW-PW-PW,1958400/1872868/356932/82800/102600/223200,0,b2 G*Cin=5120
64-64-48-32-64,5,45.985360,4598536,434.073600,12843,PW-DW-DW-PW-PW,1958400/1872868/475668/126000/165600,0,b2 G*Cin=5120;b3 G*Cin=2560
64-32-64-32-48-64,6,45.986640,4598664,349.747200,13131,PW-DW-DW-PW-PW-PW,1958400/1872868/238196/154800/151200/223200,0,b2 G*Cin=5120
64-32-16-48-48-64,6,46.040640,4604064,316.108800,10795,PW-DW-DW-PW-PW-PW,1958400/1872868/238196/102600/208800/223200,0,b2 G*Cin=5120
64-48-64-32-32-64,6,46.058000,4605800,401.356800,13643,PW-DW-DW-PW-PW-PW,1958400/1872868/356932/154800/97200/165600,0,b2 G*Cin=5120
64-16-32-48-64-64,6,46.059280,4605928,296.064000,12475,PW-DW-DW-PW-PW-PW,1958400/1872868/119460/151200/223200/280800,0,b2 G*Cin=5120
64-16-32-64-48-64,6,46.059280,4605928,288.691200,11963,PW-DW-DW-PW-PW-PW,1958400/1872868/119460/165600/266400/223200,0,b2 G*Cin=5120
64-64-32-32-16-64,6,46.093360,4609336,404.582400,10795,PW-DW-DW-PW-PW-PW,1958400/1872868/475668/97200/82800/122400,0,b2 G*Cin=5120;b3 G*Cin=2560
64-32-48-64-32-64,6,46.130640,4613064,349.747200,13131,PW-DW-DW-PW-PW-PW,1958400/1872868/238196/223200/154800/165600,0,b2 G*Cin=5120
64-32-64-16-64-64,6,46.130640,4613064,342.374400,12619,PW-DW-DW-PW-PW-PW,1958400/1872868/238196/140400/122400/280800,0,b2 G*Cin=5120
64-32-64-64-16-64,6,46.130640,4613064,342.374400,12619,PW-DW-DW-PW-PW-PW,1958400/1872868/238196/280800/140400/122400,0,b2 G*Cin=5120
64-32-32-32-64-64,6,46.130640,4613064,340.300800,12475,PW-DW-DW-PW-PW-PW,1958400/1872868/238196/97200/165600/280800,0,b2 G*Cin=5120
64-48-32-64-16-64,6,46.166000,4616600,362.419200,10939,PW-DW-DW-PW-PW-PW,1958400/1872868/356932/165600/140400/122400,0,b2 G*Cin=5120
64-48-48-48-64,5,46.202000,4620200,389.836800,12843,PW-DW-DW-PW-PW,1958400/1872868/356932/208800/223200,0,b2 G*Cin=5120
64-64-64-16-16-64,6,46.237360,4623736,432.460800,12731,PW-DW-DW-PW-PW-PW,1958400/1872868/475668/140400/54000/122400,0,b2 G*Cin=5120;b3 G*Cin=2560
64-64-32-16-32-64,6,46.237360,4623736,411.955200,11307,PW-DW-DW-PW-PW-PW,1958400/1872868/475668/82800/68400/165600,0,b2 G*Cin=5120;b3 G*Cin=2560
64-48-48-16-48-64,6,46.256000,4625600,380.851200,12219,PW-DW-DW-PW-PW-PW,1958400/1872868/356932/111600/102600/223200,0,b2 G*Cin=5120
64-64-64-32-64,5,46.273360,4627336,458.265600,14523,PW-DW-DW-PW-PW,1958400/1872868/475668/154800/165600,0,b2 G*Cin=5120;b3 G*Cin=2560
64-32-64-48-32-64,6,46.274640,4627464,349.747200,13131,PW-DW-DW-PW-PW-PW,1958400/1872868/238196/266400/126000/165600,0,b2 G*Cin=5120
64-48-32-48-32-64,6,46.310000,4631000,377.164800,11963,PW-DW-DW-PW-PW-PW,1958400/1872868/356932/151200/126000/165600,0,b2 G*Cin=5120
64-48-48-48-16-64,6,46.310000,4631000,373.478400,11707,PW-DW-DW-PW-PW-PW,1958400/1872868/356932/208800/111600/122400,0,b2 G*Cin=5120
64-48-16-64-32-64,6,46.310000,4631000,366.105600,11195,PW-DW-DW-PW-PW-PW,1958400/1872868/356932/122400/154800/165600,0,b2 G*Cin=5120
64-48-16-32-48-64,6,46.310000,4631000,364.032000,11051,PW-DW-DW-PW-PW-PW,1958400/1872868/356932/68400/151200/223200,0,b2 G*Cin=5120
64-32-64-64-64,5,46.310640,4631064,369.792000,14523,PW-DW-DW-PW-PW,1958400/1872868/238196/280800/280800,0,b2 G*Cin=5120
64-64-16-48-64,5,46.327360,4632736,406.195200,10907,PW-DW-DW-PW-PW,1958400/1872868/475668/102600/223200,0,b2 G*Cin=5120;b3 G*Cin=2560
64-48-32-64-64,5,46.346000,4634600,389.836800,12843,PW-DW-DW-PW-PW,1958400/1872868/356932/165600/280800,0,b2 G*Cin=5120
64-16-16-64-64-64,6,46.347280,4634728,299.750400,12731,PW-DW-DW-PW-PW-PW,1958400/1872868/119460/122400/280800/280800,0,b2 G*Cin=5120
64-64-48-32-16-64,6,46.381360,4638136,428.774400,12475,PW-DW-DW-PW-PW-PW,1958400/1872868/475668/126000/82800/122400,0,b2 G*Cin=5120;b3 G*Cin=2560
64-64-16-32-32-64,6,46.381360,4638136,404.582400,10795,PW-DW-DW-PW-PW-PW,1958400/1872868/475668/68400/97200/165600,0,b2 G*Cin=5120;b3 G*Cin=2560
64-32-48-32-64-64,6,46.418640,4641864,357.120000,13643,PW-DW-DW-PW-PW-PW,1958400/1872868/238196/126000/165600/280800,0,b2 G*Cin=5120
64-64-16-48-16-64,6,46.435360,4643536,389.836800,9771,PW-DW-DW-PW-PW-PW,1958400/1872868/475668/102600/111600/122400,0,b2 G*Cin=5120;b3 G*Cin=2560
64-48-16-16-64-64,6,46.454000,4645400,367.718400,11307,PW-DW-DW-PW-PW-PW,1958400/1872868/356932/54000/122400/280800,0,b2 G*Cin=5120
64-16-64-48-48-64,6,46.520680,4652068,301.824000,12875,PW-DW-PW-PW-PW-PW,1958400/1872868/122400/266400/208800/223200,0,b2 G*Cin=5120
64-64-48-16-32-64,6,46.525360,4652536,432.460800,12731,PW-DW-DW-PW-PW-PW,1958400/1872868/475668/111600/68400/165600,0,b2 G*Cin=5120;b3 G*Cin=2560
64-32-32-48-48-64,6,46.526640,4652664,336.614400,12219,PW-DW-DW-PW-PW-PW,1958400/1872868/238196/151200/208800/223200,0,b2 G*Cin=5120
64-48-64-16-48-64,6,46.544000,4654400,397.670400,13387,PW-DW-DW-PW-PW-PW,1958400/1872868/356932/140400/102600/223200,0,b2 G*Cin=5120
64-48-32-32-48-64,6,46.598000,4659800,384.537600,12475,PW-DW-DW-PW-PW-PW,1958400/1872868/356932/97200/151200/223200,0,b2 G*Cin=5120
64-16-48-48-64-64,6,46.635280,4663528,312.883200,13643,PW-DW-DW-PW-PW-PW,1958400/1872868/119460/208800/223200/280800,0,b2 G*Cin=5120
64-16-48-64-48-64,6,46.635280,4663528,309.196800,13387,PW-DW-DW-PW-PW-PW,1958400/1872868/119460/223200/266400/223200,0,b2 G*Cin=5120
64-64-64-32-16-64,6,46.669360,4666936,452.966400,14155,PW-DW-DW-PW-PW-PW,1958400/1872868/475668/154800/82800/122400,0,b2 G*Cin=5120;b3 G*Cin=2560
64-64-32-32-32-64,6,46.669360,4666936,428.774400,12475,PW-DW-DW-PW-PW-PW,1958400/1872868/475668/97200/97200/165600,0,b2 G*Cin=5120;b3 G*Cin=2560
64-32-64-32-64-64,6,46.706640,4670664,373.939200,14811,PW-DW-DW-PW-PW-PW,1958400/1872868/238196/154800/165600/280800,0,b2 G*Cin=5120
64-32-64-64-32-64,6,46.706640,4670664,373.939200,14811,PW-DW-DW-PW-PW-PW,1958400/1872868/238196/280800/154800/165600,0,b2 G*Cin=5120
64-48-32-64-32-64,6,46.742000,4674200,393.984000,13131,PW-DW-DW-PW-PW-PW,1958400/1872868/356932/165600/154800/165600,0,b2 G*Cin=5120
64-48-48-64-16-64,6,46.742000,4674200,390.297600,12875,PW-DW-DW-PW-PW-PW,1958400/1872868/356932/223200/140400/122400,0,b2 G*Cin=5120
64-48-32-16-64-64,6,46.742000,4674200,384.537600,12475,PW-DW-DW-PW-PW-PW,1958400/1872868/356932/82800/122400/280800,0,b2 G*Cin=5120
64-32-16-48-64-64,6,46.760640,4676064,343.987200,12731,PW-DW-DW-PW-PW-PW,1958400/1872868/238196/102600/223200/280800,0,b2 G*Cin=5120
64-48-64-48-64,5,46.778000,4677800,414.028800,14523,PW-DW-DW-PW-PW,1958400/1872868/356932/266400/223200,0,b2 G*Cin=5120
64-16-32-64-64-64,6,46.779280,4677928,320.256000,14155,PW-DW-DW-PW-PW-PW,1958400/1872868/119460/165600/280800/280800,0,b2 G*Cin=5120
64-64-64-16-32-64,6,46.813360,4681336,452.966400,14155,PW-DW-DW-PW-PW-PW,1958400/1872868/475668/140400/68400/165600,0,b2 G*Cin=5120;b3 G*Cin=2560
64-64-32-48-64,5,46.813360,4681336,434.073600,12843,PW-DW-DW-PW-PW,1958400/1872868/475668/151200/223200,0,b2 G*Cin=5120;b3 G*Cin=2560
64-32-16-64-48-64,6,46.814640,4681464,332.928000,11963,PW-DW-DW-PW-PW-PW,1958400/1872868/238196/122400/266400/223200,0,b2 G*Cin=5120
64-64-16-16-48-64,6,46.867360,4686736,411.955200,11307,PW-DW-DW-PW-PW-PW,1958400/1872868/475668/54000/102600/223200,0,b2 G*Cin=5120;b3 G*Cin=2560
64-48-48-32-48-64,6,46.886000,4688600,405.043200,13899,PW-DW-DW-PW-PW-PW,1958400/1872868/356932/126000/151200/223200,0,b2 G*Cin=5120
64-48-48-48-32-64,6,46.886000,4688600,401.356800,13643,PW-DW-DW-PW-PW-PW,1958400/1872868/356932/208800/126000/165600,0,b2 G*Cin=5120
64-48-64-48-16-64,6,46.886000,4688600,397.670400,13387,PW-DW-DW-PW-PW-PW,1958400/1872868/356932/266400/111600/122400,0,b2 G*Cin=5120
64-64-32-48-16-64,6,46.921360,4692136,417.715200,11707,PW-DW-DW-PW-PW-PW,1958400/1872868/475668/151200/111600/122400,0,b2 G*Cin=5120;b3 G*Cin=2560
64-64-16-64-16-64,6,46.921360,4692136,399.283200,10427,PW-DW-DW-PW-PW-PW,1958400/1872868/475668/122400/140400/122400,0,b2 G*Cin=5120;b3 G*Cin=2560
64-48-48-64-64,5,46.922000,4692200,417.715200,14779,PW-DW-DW-PW-PW,1958400/1872868/356932/223200/280800,0,b2 G*Cin=5120
64-64-48-32-32-64,6,46.957360,4695736,452.966400,14155,PW-DW-DW-PW-PW-PW,1958400/1872868/475668/126000/97200/165600,0,b2 G*Cin=5120;b3 G*Cin=2560
64-64-16-48-32-64,6,47.011360,4701136,417.715200,11707,PW-DW-DW-PW-PW-PW,1958400/1872868/475668/102600/126000/165600,0,b2 G*Cin=5120;b3 G*Cin=2560
64-48-48-16-64-64,6,47.030000,4703000,401.356800,13643,PW-DW-DW-PW-PW-PW,1958400/1872868/356932/111600/122400/280800,0,b2 G*Cin=5120
64-48-16-32-64-64,6,47.030000,4703000,388.224000,12731,PW-DW-DW-PW-PW-PW,1958400/1872868/356932/68400/165600/280800,0,b2 G*Cin=5120
64-64-16-64-64,5,47.101360,4710136,426.700800,12331,PW-DW-DW-PW-PW,1958400/1872868/475668/122400/280800,0,b2 G*Cin=5120;b3 G*Cin=2560
64-32-48-48-48-64,6,47.102640,4710264,357.120000,13643,PW-DW-DW-PW-PW-PW,1958400/1872868/238196/208800/208800/223200,0,b2 G*Cin=5120
64-64-32-16-48-64,6,47.155360,4715536,432.460800,12731,PW-DW-DW-PW-PW-PW,1958400/1872868/475668/82800/102600/223200,0,b2 G*Cin=5120;b3 G*Cin=2560
64-48-64-32-48-64,6,47.174000,4717400,425.548800,15323,PW-DW-DW-PW-PW-PW,1958400/1872868/356932/154800/151200/223200,0,b2 G*Cin=5120
64-48-16-48-48-64,6,47.228000,4722800,380.851200,12219,PW-DW-DW-PW-PW-PW,1958400/1872868/356932/102600/208800/223200,0,b2 G*Cin=5120
64-16-64-48-64-64,6,47.240680,4724068,329.702400,14811,PW-DW-PW-PW-PW-PW,1958400/1872868/122400/266400/223200/280800,0,b2 G*Cin=5120
64-16-64-64-48-64,6,47.240680,4724068,329.702400,14811,PW-DW-PW-PW-PW-PW,1958400/1872868/122400/280800/266400/223200,0,b2 G*Cin=5120
64-64-64-32-32-64,6,47.245360,4724536,477.158400,15835,PW-DW-DW-PW-PW-PW,1958400/1872868/475668/154800/97200/165600,0,b2 G*Cin=5120;b3 G*Cin=2560
64-32-32-48-64-64,6,47.246640,4724664,364.492800,14155,PW-DW-DW-PW-PW-PW,1958400/1872868/238196/151200/223200/280800,0,b2 G*Cin=5120
64-32-32-64-48-64,6,47.246640,4724664,357.120000,13643,PW-DW-DW-PW-PW-PW,1958400/1872868/238196/165600/266400/223200,0,b2 G*Cin=5120
64-48-48-64-32-64,6,47.318000,4731800,421.862400,15067,PW-DW-DW-PW-PW-PW,1958400/1872868/356932/223200/154800/165600,0,b2 G*Cin=5120
64-48-64-16-64-64,6,47.318000,4731800,418.176000,14811,PW-DW-DW-PW-PW-PW,1958400/1872868/356932/140400/122400/280800,0,b2 G*Cin=5120
64-48-64-64-16-64,6,47.318000,4731800,418.176000,14811,PW-DW-DW-PW-PW-PW,1958400/1872868/356932/280800/140400/122400,0,b2 G*Cin=5120
64-48-32-32-64-64,6,47.318000,4731800,408.729600,14155,PW-DW-DW-PW-PW-PW,1958400/1872868/356932/97200/165600/280800,0,b2 G*Cin=5120
64-64-32-64-16-64,6,47.353360,4735336,430.848000,12619,PW-DW-DW-PW-PW-PW,1958400/1872868/475668/165600/140400/122400,0,b2 G*Cin=5120;b3 G*Cin=2560
64-16-48-64-64-64,6,47.355280,4735528,340.761600,15579,PW-DW-DW-PW-PW-PW,1958400/1872868/119460/223200/280800/280800,0,b2 G*Cin=5120
64-64-48-48-64,5,47.389360,4738936,461.952000,14779,PW-DW-DW-PW-PW,1958400/1872868/475668/208800/223200,0,b2 G*Cin=5120;b3 G*Cin=2560
64-64-48-16-48-64,6,47.443360,4744336,452.966400,14155,PW-DW-DW-PW-PW-PW,1958400/1872868/475668/111600/102600/223200,0,b2 G*Cin=5120;b3 G*Cin=2560
64-48-64-48-32-64,6,47.462000,4746200,425.548800,15323,PW-DW-DW-PW-PW-PW,1958400/1872868/356932/266400/126000/165600,0,b2 G*Cin=5120
64-64-32-48-32-64,6,47.497360,4749736,445.593600,13643,PW-DW-DW-PW-PW-PW,1958400/1872868/475668/151200/126000/165600,0,b2 G*Cin=5120;b3 G*Cin=2560
64-64-48-48-16-64,6,47.497360,4749736,445.593600,13643,PW-DW-DW-PW-PW-PW,1958400/1872868/475668/208800/111600/122400,0,b2 G*Cin=5120;b3 G*Cin=2560
64-64-16-64-32-64,6,47.497360,4749736,430.848000,12619,PW-DW-DW-PW-PW-PW,1958400/1872868/475668/122400/154800/165600,0,b2 G*Cin=5120;b3 G*Cin=2560
64-64-16-32-48-64,6,47.497360,4749736,428.774400,12475,PW-DW-DW-PW-PW-PW,1958400/1872868/475668/68400/151200/223200,0,b2 G*Cin=5120;b3 G*Cin=2560
64-48-64-64-64,5,47.498000,4749800,445.593600,16715,PW-DW-DW-PW-PW,1958400/1872868/356932/280800/280800,0,b2 G*Cin=5120
64-64-32-64-64,5,47.533360,4753336,458.265600,14523,PW-DW-DW-PW-PW,1958400/1872868/475668/165600/280800,0,b2 G*Cin=5120;b3 G*Cin=2560
64-32-16-64-64-64,6,47.534640,4753464,364.492800,14155,PW-DW-DW-PW-PW-PW,1958400/1872868/238196/122400/280800/280800,0,b2 G*Cin=5120
64-48-48-32-64-64,6,47.606000,4760600,429.235200,15579,PW-DW-DW-PW-PW-PW,1958400/1872868/356932/126000/165600/280800,0,b2 G*Cin=5120
64-64-16-16-64-64,6,47.641360,4764136,432.460800,12731,PW-DW-DW-PW-PW-PW,1958400/1872868/475668/54000/122400/280800,0,b2 G*Cin=5120;b3 G*Cin=2560
64-32-64-48-48-64,6,47.678640,4767864,377.625600,15067,PW-DW-DW-PW-PW-PW,1958400/1872868/238196/266400/208800/223200,0,b2 G*Cin=5120
64-48-32-48-48-64,6,47.714000,4771400,405.043200,13899,PW-DW-DW-PW-PW-PW,1958400/1872868/356932/151200/208800/223200,0,b2 G*Cin=5120
64-64-64-16-48-64,6,47.731360,4773136,473.472000,15579,PW-DW-DW-PW-PW-PW,1958400/1872868/475668/140400/102600/223200,0,b2 G*Cin=5120;b3 G*Cin=2560
64-64-32-32-48-64,6,47.785360,4778536,452.966400,14155,PW-DW-DW-PW-PW-PW,1958400/1872868/475668/97200/151200/223200,0,b2 G*Cin=5120;b3 G*Cin=2560
64-32-48-48-64-64,6,47.822640,4782264,384.998400,15579,PW-DW-DW-PW-PW-PW,1958400/1872868/238196/208800/223200/280800,0,b2 G*Cin=5120
64-32-48-64-48-64,6,47.822640,4782264,381.312000,15323,PW-DW-DW-PW-PW-PW,1958400/1872868/238196/223200/266400/223200,0,b2 G*Cin=5120
64-48-64-32-64-64,6,47.894000,4789400,449.740800,17003,PW-DW-DW-PW-PW-PW,1958400/1872868/356932/154800/165600/280800,0,b2 G*Cin=5120
64-48-64-64-32-64,6,47.894000,4789400,449.740800,17003,PW-DW-DW-PW-PW-PW,1958400/1872868/356932/280800/154800/165600,0,b2 G*Cin=5120
64-64-32-64-32-64,6,47.929360,4792936,462.412800,14811,PW-DW-DW-PW-PW-PW,1958400/1872868/475668/165600/154800/165600,0,b2 G*Cin=5120;b3 G*Cin=2560
64-64-48-64-16-64,6,47.929360,4792936,462.412800,14811,PW-DW-DW-PW-PW-PW,1958400/1872868/475668/223200/140400/122400,0,b2 G*Cin=5120;b3 G*Cin=2560
64-64-32-16-64-64,6,47.929360,4792936,452.966400,14155,PW-DW-DW-PW-PW-PW,1958400/1872868/475668/82800/122400/280800,0,b2 G*Cin=5120;b3 G*Cin=2560
64-48-16-48-64-64,6,47.948000,4794800,408.729600,14155,PW-DW-DW-PW-PW-PW,1958400/1872868/356932/102600/223200/280800,0,b2 G*Cin=5120
64-16-64-64-64-64,6,47.960680,4796068,361.267200,17003,PW-DW-PW-PW-PW-PW,1958400/1872868/122400/280800/280800/280800,0,b2 G*Cin=5120
64-64-64-48-64,5,47.965360,4796536,489.830400,16715,PW-DW-DW-PW-PW,1958400/1872868/475668/266400/223200,0,b2 G*Cin=5120;b3 G*Cin=2560
64-32-32-64-64-64,6,47.966640,4796664,388.684800,15835,PW-DW-DW-PW-PW-PW,1958400/1872868/238196/165600/280800/280800,0,b2 G*Cin=5120
64-48-16-64-48-64,6,48.002000,4800200,397.670400,13387,PW-DW-DW-PW-PW-PW,1958400/1872868/356932/122400/266400/223200,0,b2 G*Cin=5120
64-64-48-32-48-64,6,48.073360,4807336,477.158400,15835,PW-DW-DW-PW-PW-PW,1958400/1872868/475668/126000/151200/223200,0,b2 G*Cin=5120;b3 G*Cin=2560
64-64-48-48-32-64,6,48.073360,4807336,473.472000,15579,PW-DW-DW-PW-PW-PW,1958400/1872868/475668/208800/126000/165600,0,b2 G*Cin=5120;b3 G*Cin=2560
64-64-64-48-16-64,6,48.073360,4807336,473.472000,15579,PW-DW-DW-PW-PW-PW,1958400/1872868/475668/266400/111600/122400,0,b2 G*Cin=5120;b3 G*Cin=2560
64-64-48-64-64,5,48.109360,4810936,489.830400,16715,PW-DW-DW-PW-PW,1958400/1872868/475668/223200/280800,0,b2 G*Cin=5120;b3 G*Cin=2560
64-64-48-16-64-64,6,48.217360,4821736,473.472000,15579,PW-DW-DW-PW-PW-PW,1958400/1872868/475668/111600/122400/280800,0,b2 G*Cin=5120;b3 G*Cin=2560
64-64-16-32-64-64,6,48.217360,4821736,452.966400,14155,PW-DW-DW-PW-PW-PW,1958400/1872868/475668/68400/165600/280800,0,b2 G*Cin=5120;b3 G*Cin=2560
64-48-48-48-48-64,6,48.290000,4829000,429.235200,15579,PW-DW-DW-PW-PW-PW,1958400/1872868/356932/208800/208800/223200,0,b2 G*Cin=5120
64-64-64-32-48-64,6,48.361360,4836136,501.350400,17515,PW-DW-DW-PW-PW-PW,1958400/1872868/475668/154800/151200/223200,0,b2 G*Cin=5120;b3 G*Cin=2560
64-32-64-48-64-64,6,48.398640,4839864,405.504000,17003,PW-DW-DW-PW-PW-PW,1958400/1872868/238196/266400/223200/280800,0,b2 G*Cin=5120
64-32-64-64-48-64,6,48.398640,4839864,405.504000,17003,PW-DW-DW-PW-PW-PW,1958400/1872868/238196/280800/266400/223200,0,b2 G*Cin=5120
64-64-16-48-48-64,6,48.415360,4841536,445.593600,13643,PW-DW-DW-PW-PW-PW,1958400/1872868/475668/102600/208800/223200,0,b2 G*Cin=5120;b3 G*Cin=2560
64-48-32-48-64-64,6,48.434000,4843400,432.921600,15835,PW-DW-DW-PW-PW-PW,1958400/1872868/356932/151200/223200/280800,0,b2 G*Cin=5120
64-48-32-64-48-64,6,48.434000,4843400,425.548800,15323,PW-DW-DW-PW-PW-PW,1958400/1872868/356932/165600/266400/223200,0,b2 G*Cin=5120
64-64-48-64-32-64,6,48.505360,4850536,493.977600,17003,PW-DW-DW-PW-PW-PW,1958400/1872868/475668/223200/154800/165600,0,b2 G*Cin=5120;b3 G*Cin=2560
64-64-64-16-64-64,6,48.505360,4850536,493.977600,17003,PW-DW-DW-PW-PW-PW,1958400/1872868/475668/140400/122400/280800,0,b2 G*Cin=5120;b3 G*Cin=2560
64-64-64-64-16-64,6,48.505360,4850536,493.977600,17003,PW-DW-DW-PW-PW-PW,1958400/1872868/475668/280800/140400/122400,0,b2 G*Cin=5120;b3 G*Cin=2560
64-64-32-32-64-64,6,48.505360,4850536,477.158400,15835,PW-DW-DW-PW-PW-PW,1958400/1872868/475668/97200/165600/280800,0,b2 G*Cin=5120;b3 G*Cin=2560
64-32-48-64-64-64,6,48.542640,4854264,412.876800,17515,PW-DW-DW-PW-PW-PW,1958400/1872868/238196/223200/280800/280800,0,b2 G*Cin=5120
64-64-64-48-32-64,6,48.649360,4864936,501.350400,17515,PW-DW-DW-PW-PW-PW,1958400/1872868/475668/266400/126000/165600,0,b2 G*Cin=5120;b3 G*Cin=2560
64-64-64-64-64,5,48.685360,4868536,521.395200,18907,PW-DW-DW-PW-PW,1958400/1872868/475668/280800/280800,0,b2 G*Cin=5120;b3 G*Cin=2560
64-48-16-64-64-64,6,48.722000,4872200,429.235200,15579,PW-DW-DW-PW-PW-PW,1958400/1872868/356932/122400/280800/280800,0,b2 G*Cin=5120
64-64-48-32-64-64,6,48.793360,4879336,501.350400,17515,PW-DW-DW-PW-PW-PW,1958400/1872868/475668/126000/165600/280800,0,b2 G*Cin=5120;b3 G*Cin=2560
64-48-64-48-48-64,6,48.866000,4886600,453.427200,17259,PW-DW-DW-PW-PW-PW,1958400/1872868/356932/266400/208800/223200,0,b2 G*Cin=5120
64-64-32-48-48-64,6,48.901360,4890136,473.472000,15579,PW-DW-DW-PW-PW-PW,1958400/1872868/475668/151200/208800/223200,0,b2 G*Cin=5120;b3 G*Cin=2560
64-48-48-48-64-64,6,49.010000,4901000,457.113600,17515,PW-DW-DW-PW-PW-PW,1958400/1872868/356932/208800/223200/280800,0,b2 G*Cin=5120
64-48-48-64-48-64,6,49.010000,4901000,453.427200,17259,PW-DW-DW-PW-PW-PW,1958400/1872868/356932/223200/266400/223200,0,b2 G*Cin=5120
64-64-64-32-64-64,6,49.081360,4908136,525.542400,19195,PW-DW-DW-PW-PW-PW,1958400/1872868/475668/154800/165600/280800,0,b2 G*Cin=5120;b3 G*Cin=2560
64-64-64-64-32-64,6,49.081360,4908136,525.542400,19195,PW-DW-DW-PW-PW-PW,1958400/1872868/475668/280800/154800/165600,0,b2 G*Cin=5120;b3 G*Cin=2560
64-32-64-64-64-64,6,49.118640,4911864,437.068800,19195,PW-DW-DW-PW-PW-PW,1958400/1872868/238196/280800/280800/280800,0,b2 G*Cin=5120
64-64-16-48-64-64,6,49.135360,4913536,473.472000,15579,PW-DW-DW-PW-PW-PW,1958400/1872868/475668/102600/223200/280800,0,b2 G*Cin=5120;b3 G*Cin=2560
64-48-32-64-64-64,6,49.154000,4915400,457.113600,17515,PW-DW-DW-PW-PW-PW,1958400/1872868/356932/165600/280800/280800,0,b2 G*Cin=5120
64-64-16-64-48-64,6,49.189360,4918936,462.412800,14811,PW-DW-DW-PW-PW-PW,1958400/1872868/475668/122400/266400/223200,0,b2 G*Cin=5120;b3 G*Cin=2560
64-64-48-48-48-64,6,49.477360,4947736,501.350400,17515,PW-DW-DW-PW-PW-PW,1958400/1872868/475668/208800/208800/223200,0,b2 G*Cin=5120;b3 G*Cin=2560
64-48-64-48-64-64,6,49.586000,4958600,481.305600,19195,PW-DW-DW-PW-PW-PW,1958400/1872868/356932/266400/223200/280800,0,b2 G*Cin=5120
64-48-64-64-48-64,6,49.586000,4958600,481.305600,19195,PW-DW-DW-PW-PW-PW,1958400/1872868/356932/280800/266400/223200,0,b2 G*Cin=5120
64-64-32-48-64-64,6,49.621360,4962136,501.350400,17515,PW-DW-DW-PW-PW-PW,1958400/1872868/475668/151200/223200/280800,0,b2 G*Cin=5120;b3 G*Cin=2560
64-64-32-64-48-64,6,49.621360,4962136,493.977600,17003,PW-DW-DW-PW-PW-PW,1958400/1872868/475668/165600/266400/223200,0,b2 G*Cin=5120;b3 G*Cin=2560
64-48-48-64-64-64,6,49.730000,4973000,484.992000,19451,PW-DW-DW-PW-PW-PW,1958400/1872868/356932/223200/280800/280800,0,b2 G*Cin=5120
64-64-16-64-64-64,6,49.909360,4990936,493.977600,17003,PW-DW-DW-PW-PW-PW,1958400/1872868/475668/122400/280800/280800,0,b2 G*Cin=5120;b3 G*Cin=2560
64-64-64-48-48-64,6,50.053360,5005336,529.228800,19451,PW-DW-DW-PW-PW-PW,1958400/1872868/475668/266400/208800/223200,0,b2 G*Cin=5120;b3 G*Cin=2560
64-64-48-48-64-64,6,50.197360,5019736,529.228800,19451,PW-DW-DW-PW-PW-PW,1958400/1872868/475668/208800/223200/280800,0,b2 G*Cin=5120;b3 G*Cin=2560
64-64-48-64-48-64,6,50.197360,5019736,525.542400,19195,PW-DW-DW-PW-PW-PW,1958400/1872868/475668/223200/266400/223200,0,b2 G*Cin=5120;b3 G*Cin=2560
64-48-64-64-64-64,6,50.306000,5030600,512.870400,21387,PW-DW-DW-PW-PW-PW,1958400/1872868/356932/280800/280800/280800,0,b2 G*Cin=5120
64-64-32-64-64-64,6,50.341360,5034136,525.542400,19195,PW-DW-DW-PW-PW-PW,1958400/1872868/475668/165600/280800/280800,0,b2 G*Cin=5120;b3 G*Cin=2560
64-64-64-48-64-64,6,50.773360,5077336,557.107200,21387,PW-DW-DW-PW-PW-PW,1958400/1872868/475668/266400/223200/280800,0,b2 G*Cin=5120;b3 G*Cin=2560
64-64-64-64-48-64,6,50.773360,5077336,557.107200,21387,PW-DW-DW-PW-PW-PW,1958400/1872868/475668/280800/266400/223200,0,b2 G*Cin=5120;b3 G*Cin=2560
64-64-48-64-64-64,6,50.917360,5091736,557.107200,21387,PW-DW-DW-PW-PW-PW,1958400/1872868/475668/223200/280800/280800,0,b2 G*Cin=5120;b3 G*Cin=2560
64-64-64-64-64-64,6,51.493360,5149336,588.672000,23579,PW-DW-DW-PW-PW-PW,1958400/1872868/475668/280800/280800/280800,0,b2 G*Cin=5120;b3 G*Cin=2560
